반복 회차 (Iteration),주문 번호 (k),도착 시간 (t_k),작업 수량 (n_k),할당 랙 (r),할당 CP (c),완료 시간 (E_k)
1,0,0.0,1,1,15,6.17
1,1,15.049999999999999,1,2,40,23.78
1,2,21.63,1,4,64,30.16
1,3,26.2,1,4,65,35.81
1,4,27.04,1,5,82,34.83
1,5,27.889999999999997,1,0,13,35.42
1,6,28.189999999999998,1,1,28,36.32
1,7,38.25,1,5,76,45.38
1,8,42.839999999999996,1,5,79,52.41
1,9,49.0,1,4,71,57.13
1,10,49.1,1,3,53,56.36
1,11,66.62,1,4,73,74.75
1,12,75.55000000000001,1,4,70,83.68
1,13,76.75,1,4,62,89.37
1,14,77.75,1,5,75,84.52
1,15,78.76,1,3,56,86.29
1,16,80.58000000000001,1,2,30,87.35
1,17,84.30000000000001,1,0,0,89.87
1,18,87.12,1,0,10,96.5
1,19,88.84,1,0,14,103.53
1,20,93.58000000000001,1,2,36,101.33
1,21,94.33000000000001,1,0,12,110.16
1,22,96.06,1,3,57,103.59
1,23,98.34,1,0,1,115.19
1,24,101.38000000000001,1,5,85,110.11
1,25,109.07000000000001,1,5,88,117.8
1,26,110.18,1,1,26,118.31
1,27,113.79,1,1,25,124.94
1,28,118.28,1,1,16,129.97
1,29,118.52000000000001,2,1,22,141.35
1,30,123.2,1,3,59,131.13
1,31,124.13000000000001,2,4,60,135.3
1,32,124.47,2,3,51,142.43
1,33,139.34,1,1,24,148.38
1,34,156.19,1,3,47,162.78
1,35,164.45000000000002,1,2,32,172.24
1,36,166.27,1,5,87,175.0
1,37,166.78,1,0,4,174.71
1,38,172.55,1,3,46,178.48
1,39,175.45000000000002,1,1,21,182.6
1,40,176.1,1,0,5,182.65
1,41,179.51000000000002,1,2,35,187.26
1,42,179.69,1,2,34,194.29
1,43,191.69,1,1,18,199.55
1,44,193.19,1,4,67,200.38
1,45,198.62,1,1,29,207.15
1,46,200.49,1,0,9,208.42
1,47,204.16,2,2,41,219.52
1,48,208.11,1,4,69,216.64
1,49,209.14000000000001,1,1,19,217.67
1,50,226.6,1,4,66,233.75
1,51,234.06,1,1,23,241.92
1,52,248.09,1,2,38,256.55
1,53,259.34999999999997,1,2,44,268.48
1,54,263.9,1,1,27,272.03
1,55,276.65,1,3,49,284.58
1,56,277.10999999999996,1,5,86,285.84
1,57,278.2,1,2,31,285.33
1,58,278.44,1,0,7,285.03
1,59,280.4,1,5,84,292.87
1,60,282.85999999999996,1,4,61,289.39
1,61,284.45,1,2,33,292.91
1,62,293.27,1,4,74,301.8
1,63,295.47999999999996,1,5,81,303.23
1,64,297.12,1,5,89,310.26
1,65,301.03999999999996,1,4,68,308.9
1,66,301.79999999999995,1,2,42,310.53
1,67,309.9,1,0,8,317.16
1,68,310.28999999999996,1,5,78,318.75
1,69,331.96,1,3,45,337.53
1,70,339.34999999999997,1,5,83,347.81
1,71,340.46,1,2,37,348.25
1,72,340.48999999999995,1,1,20,347.64
1,73,348.94,1,4,72,357.07
1,74,355.07,1,3,54,363.0
1,75,361.59999999999997,1,3,48,369.36
1,76,368.97999999999996,1,0,2,375.57
1,77,369.35999999999996,1,1,17,376.55
1,78,371.58,1,0,11,382.2
1,79,372.2,1,3,58,379.73
1,80,382.14,1,2,39,391.27
1,81,387.02,1,0,6,393.57
1,82,389.03,1,4,63,396.89
1,83,389.35999999999996,1,2,43,398.09
1,84,391.21999999999997,1,0,3,399.93
1,85,393.19,2,5,80,406.59
1,86,399.72999999999996,1,5,77,412.28
1,87,404.79999999999995,1,3,50,411.35
1,88,415.71,1,3,52,422.3
1,89,418.90999999999997,3,3,55,442.19
2,0,0.0,1,0,13,7.53
2,1,15.049999999999999,1,3,59,22.98
2,2,21.63,1,0,10,29.16
2,3,26.2,1,0,1,34.19
2,4,27.04,1,5,83,35.5
2,5,27.889999999999997,1,2,41,36.62
2,6,28.189999999999998,1,3,51,34.74
2,7,38.25,1,5,80,46.0
2,8,42.839999999999996,1,1,23,50.7
2,9,49.0,1,5,85,57.73
2,10,49.1,1,5,81,63.38
2,11,66.62,1,2,44,75.75
2,12,75.55000000000001,1,5,76,82.68
2,13,76.75,1,1,22,83.94
2,14,77.75,1,2,35,85.5
2,15,78.76,1,2,36,91.15
2,16,80.58000000000001,1,0,9,88.51
2,17,84.30000000000001,1,2,43,97.78
2,18,87.12,1,2,38,104.14
2,19,88.84,1,0,8,96.1
2,20,93.58000000000001,1,2,32,109.83
2,21,94.33000000000001,1,4,69,102.86
2,22,96.06,1,3,54,103.99
2,23,98.34,1,4,64,109.89
2,24,101.38000000000001,1,1,29,109.91
2,25,109.07000000000001,1,1,20,116.22
2,26,110.18,1,4,72,118.31
2,27,113.79,1,3,53,121.05
2,28,118.28,1,5,77,126.07
2,29,118.52000000000001,2,4,60,129.69
2,30,123.2,1,0,14,131.13
2,31,124.13000000000001,2,1,25,138.89
2,32,124.47,2,4,65,140.99
2,33,139.34,1,1,24,147.87
2,34,156.19,1,5,87,164.92
2,35,164.45000000000002,1,3,50,171.0
2,36,166.27,1,3,57,177.63
2,37,166.78,1,5,79,175.91
2,38,172.55,1,3,47,183.32
2,39,175.45000000000002,1,4,67,182.64
2,40,176.1,1,4,66,188.29
2,41,179.51000000000002,1,2,39,188.64
2,42,179.69,1,0,7,186.28
2,43,191.69,1,0,12,199.22
2,44,193.19,1,0,3,205.58
2,45,198.62,1,3,49,206.55
2,46,200.49,1,2,30,207.26
2,47,204.16,2,1,16,215.72
2,48,208.11,1,2,33,216.57
2,49,209.14000000000001,1,0,6,215.69
2,50,226.6,1,1,17,233.79
2,51,234.06,1,1,26,242.19
2,52,248.09,1,3,56,255.62
2,53,259.34999999999997,1,4,74,267.88
2,54,263.9,1,0,5,270.45
2,55,276.65,1,0,11,284.18
2,56,277.10999999999996,1,3,48,284.37
2,57,278.2,1,0,4,291.21
2,58,278.44,1,5,75,285.21
2,59,280.4,1,3,58,291.0
2,60,282.85999999999996,1,5,78,291.57
2,61,284.45,1,1,19,292.98
2,62,293.27,1,5,84,302.4
2,63,295.47999999999996,1,3,52,302.07
2,64,297.12,1,2,37,304.91
2,65,301.03999999999996,1,2,42,311.54
2,66,301.79999999999995,1,5,89,310.93
2,67,309.9,1,0,2,316.49
2,68,310.28999999999996,1,1,15,316.46
2,69,331.96,1,5,82,339.75
2,70,339.34999999999997,1,2,40,348.08
2,71,340.46,1,5,86,349.19
2,72,340.48999999999995,1,3,45,346.06
2,73,348.94,1,4,73,357.07
2,74,355.07,1,4,61,362.1
2,75,361.59999999999997,1,4,70,369.73
2,76,368.97999999999996,1,0,0,374.55
2,77,369.35999999999996,1,4,63,377.22
2,78,371.58,1,3,55,379.11
2,79,372.2,1,1,18,380.06
2,80,382.14,1,3,46,388.07
2,81,387.02,1,1,21,394.17
2,82,389.03,1,2,31,396.16
2,83,389.35999999999996,1,1,27,400.8
2,84,391.21999999999997,1,4,71,399.35
2,85,393.19,2,2,34,410.22
2,86,399.72999999999996,1,4,62,406.92
2,87,404.79999999999995,1,1,28,412.93
2,88,415.71,1,4,68,423.57
2,89,418.90999999999997,3,5,88,440.9
3,0,0.0,1,3,45,5.57
3,1,15.049999999999999,1,1,22,22.24
3,2,21.63,1,0,3,28.89
3,3,26.2,1,3,47,32.79
3,4,27.04,1,3,46,37.82
3,5,27.889999999999997,1,2,33,36.35
3,6,28.189999999999998,1,1,20,35.34
3,7,38.25,1,0,1,44.18
3,8,42.839999999999996,1,1,24,51.37
3,9,49.0,1,2,39,58.13
3,10,49.1,1,5,79,58.23
3,11,66.62,1,5,78,75.08
3,12,75.55000000000001,1,5,89,84.68
3,13,76.75,1,4,67,83.94
3,14,77.75,1,0,0,83.32
3,15,78.76,1,4,72,90.57
3,16,80.58000000000001,1,4,66,96.22
3,17,84.30000000000001,1,4,70,102.85
3,18,87.12,1,0,7,93.71
3,19,88.84,1,1,25,96.97
3,20,93.58000000000001,1,5,82,101.37
3,21,94.33000000000001,1,5,75,106.04
3,22,96.06,1,2,38,104.52
3,23,98.34,1,4,60,107.52
3,24,101.38000000000001,1,1,16,107.91
3,25,109.07000000000001,1,2,37,116.86
3,26,110.18,1,1,29,118.71
3,27,113.79,1,3,55,121.32
3,28,118.28,1,1,26,126.41
3,29,118.52000000000001,2,4,73,133.28
3,30,123.2,1,2,32,130.99
3,31,124.13000000000001,2,2,43,144.25
3,32,124.47,2,3,57,138.63
3,33,139.34,1,5,80,147.09
3,34,156.19,1,4,63,164.05
3,35,164.45000000000002,1,0,5,171.0
3,36,166.27,1,2,30,173.04
3,37,166.78,1,3,48,174.04
3,38,172.55,1,0,10,180.08
3,39,175.45000000000002,1,4,61,181.98
3,40,176.1,1,5,81,183.85
3,41,179.51000000000002,1,1,21,186.66
3,42,179.69,1,2,40,188.42
3,43,191.69,1,0,14,199.62
3,44,193.19,1,5,88,201.92
3,45,198.62,1,2,36,206.37
3,46,200.49,1,0,12,208.02
3,47,204.16,2,2,35,217.67
3,48,208.11,1,0,11,215.64
3,49,209.14000000000001,1,1,23,217.0
3,50,226.6,1,1,15,232.77
3,51,234.06,1,1,17,241.25
3,52,248.09,1,4,69,256.62
3,53,259.34999999999997,1,3,53,266.61
3,54,263.9,1,5,84,273.03
3,55,276.65,1,2,44,285.78
3,56,277.10999999999996,1,1,18,284.97
3,57,278.2,1,5,85,286.93
3,58,278.44,1,5,77,292.62
3,59,280.4,1,2,31,290.81
3,60,282.85999999999996,1,4,74,291.39
3,61,284.45,1,3,56,291.98
3,62,293.27,1,3,54,301.2
3,63,295.47999999999996,1,2,42,304.21
3,64,297.12,1,4,62,304.31
3,65,301.03999999999996,1,3,59,308.97
3,66,301.79999999999995,1,4,65,309.96
3,67,309.9,1,5,76,317.03
3,68,310.28999999999996,1,3,52,316.88
3,69,331.96,1,4,71,340.09
3,70,339.34999999999997,1,5,87,348.08
3,71,340.46,1,4,64,348.99
3,72,340.48999999999995,1,1,28,348.62
3,73,348.94,1,0,6,355.49
3,74,355.07,1,0,8,362.33
3,75,361.59999999999997,1,3,51,368.15
3,76,368.97999999999996,1,5,86,377.71
3,77,369.35999999999996,1,5,83,384.07
3,78,371.58,1,3,49,379.51
3,79,372.2,1,1,27,380.33
3,80,382.14,1,0,2,388.73
3,81,387.02,1,2,34,396.15
3,82,389.03,1,0,4,396.96
3,83,389.35999999999996,1,3,58,396.89
3,84,391.21999999999997,1,3,50,402.54
3,85,393.19,2,1,19,408.75
3,86,399.72999999999996,1,0,13,407.26
3,87,404.79999999999995,1,4,68,412.66
3,88,415.71,1,2,41,424.44
3,89,418.90999999999997,3,0,9,440.9
4,0,0.0,1,4,63,7.86
4,1,15.049999999999999,1,4,61,21.58
4,2,21.63,1,1,22,28.82
4,3,26.2,1,5,87,34.93
4,4,27.04,1,3,52,33.63
4,5,27.889999999999997,1,4,66,35.04
4,6,28.189999999999998,1,4,67,40.73
4,7,38.25,1,1,17,45.44
4,8,42.839999999999996,1,2,36,50.59
4,9,49.0,1,2,40,57.73
4,10,49.1,1,5,83,57.56
4,11,66.62,1,3,51,73.17
4,12,75.55000000000001,1,3,59,83.48
4,13,76.75,1,3,50,89.13
4,14,77.75,1,5,89,86.88
4,15,78.76,1,4,68,86.62
4,16,80.58000000000001,1,1,28,88.71
4,17,84.30000000000001,1,2,32,92.09
4,18,87.12,1,0,3,94.38
4,19,88.84,1,4,65,95.99
4,20,93.58000000000001,1,0,12,101.11
4,21,94.33000000000001,1,5,75,101.1
4,22,96.06,1,1,23,103.92
4,23,98.34,1,1,24,110.95
4,24,101.38000000000001,1,0,4,109.31
4,25,109.07000000000001,1,2,30,115.84
4,26,110.18,1,0,2,116.77
4,27,113.79,1,4,60,119.96
4,28,118.28,1,5,85,127.01
4,29,118.52000000000001,2,5,81,138.31
4,30,123.2,1,0,6,129.75
4,31,124.13000000000001,2,2,44,140.29
4,32,124.47,2,1,25,139.23
4,33,139.34,1,1,18,147.2
4,34,156.19,1,1,16,162.72
4,35,164.45000000000002,1,2,35,172.2
4,36,166.27,1,2,42,178.83
4,37,166.78,1,3,48,174.04
4,38,172.55,1,3,49,181.07
4,39,175.45000000000002,1,4,62,182.64
4,40,176.1,1,3,56,187.7
4,41,179.51000000000002,1,2,38,187.97
4,42,179.69,1,4,70,189.27
4,43,191.69,1,3,47,198.28
4,44,193.19,1,5,77,200.98
4,45,198.62,1,0,14,206.55
4,46,200.49,1,3,58,208.02
4,47,204.16,2,1,19,219.72
4,48,208.11,1,1,27,226.35
4,49,209.14000000000001,1,2,31,216.27
4,50,226.6,1,5,79,235.73
4,51,234.06,1,5,84,243.19
4,52,248.09,1,1,20,255.24
4,53,259.34999999999997,1,4,64,267.88
4,54,263.9,1,4,69,274.91
4,55,276.65,1,0,5,283.2
4,56,277.10999999999996,1,5,76,284.24
4,57,278.2,1,4,74,286.73
4,58,278.44,1,1,29,286.97
4,59,280.4,1,3,57,287.93
4,60,282.85999999999996,1,4,72,293.36
4,61,284.45,1,2,43,293.18
4,62,293.27,1,5,80,301.02
4,63,295.47999999999996,1,3,53,302.74
4,64,297.12,1,2,34,306.25
4,65,301.03999999999996,1,0,11,308.57
4,66,301.79999999999995,1,5,88,310.53
4,67,309.9,1,1,15,316.07
4,68,310.28999999999996,1,5,82,318.08
4,69,331.96,1,4,73,340.09
4,70,339.34999999999997,1,0,0,344.92
4,71,340.46,1,1,26,348.59
4,72,340.48999999999995,1,3,45,346.06
4,73,348.94,1,5,78,357.4
4,74,355.07,1,0,9,363.0
4,75,361.59999999999997,1,4,71,369.73
4,76,368.97999999999996,1,2,41,377.71
4,77,369.35999999999996,1,2,33,384.07
4,78,371.58,1,2,37,389.76
4,79,372.2,1,3,46,378.13
4,80,382.14,1,1,21,389.29
4,81,387.02,1,0,10,394.55
4,82,389.03,1,0,7,400.24
4,83,389.35999999999996,1,3,54,397.29
4,84,391.21999999999997,1,0,1,405.27
4,85,393.19,2,3,55,410.55
4,86,399.72999999999996,1,0,8,411.63
4,87,404.79999999999995,1,2,39,413.93
4,88,415.71,1,0,13,423.24
4,89,418.90999999999997,3,5,86,440.9
5,0,0.0,1,2,36,7.75
5,1,15.049999999999999,1,3,49,22.98
5,2,21.63,1,3,47,28.67
5,3,26.2,1,4,64,34.73
5,4,27.04,1,0,0,32.61
5,5,27.889999999999997,1,4,60,39.4
5,6,28.189999999999998,1,3,58,35.72
5,7,38.25,1,3,55,45.78
5,8,42.839999999999996,1,3,48,52.14
5,9,49.0,1,1,16,55.53
5,10,49.1,1,5,77,56.89
5,11,66.62,1,2,38,75.08
5,12,75.55000000000001,1,0,11,83.08
5,13,76.75,1,4,74,85.28
5,14,77.75,1,3,54,85.68
5,15,78.76,1,0,7,88.77
5,16,80.58000000000001,1,4,66,90.93
5,17,84.30000000000001,1,1,27,92.43
5,18,87.12,1,3,59,95.05
5,19,88.84,1,4,65,96.58
5,20,93.58000000000001,1,5,81,101.33
5,21,94.33000000000001,1,2,44,103.46
5,22,96.06,1,1,29,104.59
5,23,98.34,1,4,73,106.47
5,24,101.38000000000001,1,4,69,113.5
5,25,109.07000000000001,1,1,19,117.6
5,26,110.18,1,4,67,119.19
5,27,113.79,1,1,25,124.23
5,28,118.28,1,1,17,129.92
5,29,118.52000000000001,2,0,6,130.72
5,30,123.2,1,0,13,137.35
5,31,124.13000000000001,2,2,31,136.29
5,32,124.47,2,5,83,139.29
5,33,139.34,1,2,42,148.07
5,34,156.19,1,2,34,165.32
5,35,164.45000000000002,1,5,82,172.24
5,36,166.27,1,2,37,174.06
5,37,166.78,1,5,86,178.87
5,38,172.55,1,1,20,179.7
5,39,175.45000000000002,1,3,46,181.38
5,40,176.1,1,5,76,183.9
5,41,179.51000000000002,1,3,53,187.74
5,42,179.69,1,3,50,193.39
5,43,191.69,1,5,89,200.82
5,44,193.19,1,4,61,199.72
5,45,198.62,1,3,57,206.15
5,46,200.49,1,3,51,211.8
5,47,204.16,2,0,8,217.78
5,48,208.11,1,0,12,224.41
5,49,209.14000000000001,1,1,21,216.29
5,50,226.6,1,4,68,234.46
5,51,234.06,1,5,75,240.83
5,52,248.09,1,2,41,256.82
5,53,259.34999999999997,1,0,14,267.28
5,54,263.9,1,5,88,272.63
5,55,276.65,1,3,45,282.22
5,56,277.10999999999996,1,1,22,284.3
5,57,278.2,1,0,2,284.79
5,58,278.44,1,5,79,287.57
5,59,280.4,1,0,5,290.44
5,60,282.85999999999996,1,5,84,294.6
5,61,284.45,1,2,35,292.2
5,62,293.27,1,4,63,301.13
5,63,295.47999999999996,1,1,28,303.61
5,64,297.12,1,0,1,303.05
5,65,301.03999999999996,1,5,78,309.5
5,66,301.79999999999995,1,2,40,310.53
5,67,309.9,1,2,43,318.63
5,68,310.28999999999996,1,1,18,318.15
5,69,331.96,1,2,32,339.75
5,70,339.34999999999997,1,4,62,346.54
5,71,340.46,1,2,30,347.23
5,72,340.48999999999995,1,0,3,347.75
5,73,348.94,1,1,24,357.47
5,74,355.07,1,3,52,361.66
5,75,361.59999999999997,1,5,85,370.33
5,76,368.97999999999996,1,3,56,376.51
5,77,369.35999999999996,1,1,26,377.49
5,78,371.58,1,4,70,379.71
5,79,372.2,1,0,9,380.13
5,80,382.14,1,2,39,391.27
5,81,387.02,1,4,72,395.15
5,82,389.03,1,5,87,397.76
5,83,389.35999999999996,1,0,10,396.89
5,84,391.21999999999997,1,0,4,403.92
5,85,393.19,2,5,80,409.06
5,86,399.72999999999996,1,2,33,408.19
5,87,404.79999999999995,1,1,15,410.97
5,88,415.71,1,4,71,423.84
5,89,418.90999999999997,3,1,23,439.49
6,0,0.0,1,5,85,8.73
6,1,15.049999999999999,1,1,22,22.24
6,2,21.63,1,2,42,30.36
6,3,26.2,1,3,47,32.79
6,4,27.04,1,2,35,36.01
6,5,27.889999999999997,1,3,58,39.42
6,6,28.189999999999998,1,3,56,46.05
6,7,38.25,1,4,74,46.78
6,8,42.839999999999996,1,1,25,50.97
6,9,49.0,1,1,28,57.6
6,10,49.1,1,4,61,55.63
6,11,66.62,1,2,36,74.37
6,12,75.55000000000001,1,3,51,82.1
6,13,76.75,1,0,8,84.01
6,14,77.75,1,4,70,85.88
6,15,78.76,1,1,21,85.91
6,16,80.58000000000001,1,1,24,92.94
6,17,84.30000000000001,1,3,52,90.89
6,18,87.12,1,0,7,93.71
6,19,88.84,1,2,34,97.97
6,20,93.58000000000001,1,5,81,101.33
6,21,94.33000000000001,1,5,86,107.96
6,22,96.06,1,0,5,102.61
6,23,98.34,1,3,53,105.6
6,24,101.38000000000001,1,3,55,112.23
6,25,109.07000000000001,1,1,29,117.6
6,26,110.18,1,3,54,119.26
6,27,113.79,1,1,17,123.29
6,28,118.28,1,3,46,124.29
6,29,118.52000000000001,2,4,71,133.28
6,30,123.2,1,4,65,138.93
6,31,124.13000000000001,2,5,82,137.61
6,32,124.47,2,0,13,138.63
6,33,139.34,1,5,84,148.47
6,34,156.19,1,0,10,163.72
6,35,164.45000000000002,1,1,23,172.31
6,36,166.27,1,5,79,175.4
6,37,166.78,1,4,63,174.64
6,38,172.55,1,5,77,181.09
6,39,175.45000000000002,1,4,73,183.58
6,40,176.1,1,0,14,184.03
6,41,179.51000000000002,1,0,0,188.7
6,42,179.69,1,4,67,189.27
6,43,191.69,1,0,1,197.62
6,44,193.19,1,5,76,200.32
6,45,198.62,1,5,78,207.08
6,46,200.49,1,1,15,206.66
6,47,204.16,2,2,37,217.64
6,48,208.11,1,2,32,223.33
6,49,209.14000000000001,1,5,89,218.27
6,50,226.6,1,2,33,235.06
6,51,234.06,1,3,50,240.61
6,52,248.09,1,3,48,255.35
6,53,259.34999999999997,1,2,41,268.08
6,54,263.9,1,3,49,271.83
6,55,276.65,1,0,2,283.24
6,56,277.10999999999996,1,5,75,283.88
6,57,278.2,1,1,19,286.73
6,58,278.44,1,2,44,287.57
6,59,280.4,1,2,31,292.6
6,60,282.85999999999996,1,1,18,293.09
6,61,284.45,1,1,27,299.72
6,62,293.27,1,0,9,301.2
6,63,295.47999999999996,1,4,60,301.65
6,64,297.12,1,3,45,302.69
6,65,301.03999999999996,1,0,6,307.59
6,66,301.79999999999995,1,2,38,310.26
6,67,309.9,1,2,43,318.63
6,68,310.28999999999996,1,5,88,319.02
6,69,331.96,1,2,39,341.09
6,70,339.34999999999997,1,0,11,346.88
6,71,340.46,1,4,66,347.61
6,72,340.48999999999995,1,1,26,348.62
6,73,348.94,1,0,4,356.87
6,74,355.07,1,4,72,363.2
6,75,361.59999999999997,1,5,83,370.06
6,76,368.97999999999996,1,0,3,376.24
6,77,369.35999999999996,1,4,64,377.89
6,78,371.58,1,2,30,378.35
6,79,372.2,1,3,57,379.73
6,80,382.14,1,0,12,389.67
6,81,387.02,1,5,80,394.77
6,82,389.03,1,4,68,396.89
6,83,389.35999999999996,1,4,62,402.58
6,84,391.21999999999997,1,3,59,399.15
6,85,393.19,2,1,20,405.99
6,86,399.72999999999996,1,5,87,408.46
6,87,404.79999999999995,1,4,69,413.33
6,88,415.71,1,2,40,424.44
6,89,418.90999999999997,3,1,16,435.5
7,0,0.0,1,0,4,7.93
7,1,15.049999999999999,1,4,74,23.58
7,2,21.63,1,5,85,30.36
7,3,26.2,1,5,84,37.39
7,4,27.04,1,3,59,34.97
7,5,27.889999999999997,1,1,15,34.06
7,6,28.189999999999998,1,5,87,44.02
7,7,38.25,1,1,29,46.78
7,8,42.839999999999996,1,1,22,52.47
7,9,49.0,1,1,20,58.12
7,10,49.1,1,4,72,57.23
7,11,66.62,1,5,75,73.39
7,12,75.55000000000001,1,3,45,81.12
7,13,76.75,1,0,5,83.3
7,14,77.75,1,1,26,85.88
7,15,78.76,1,3,58,87.75
7,16,80.58000000000001,1,1,19,92.91
7,17,84.30000000000001,1,5,81,92.05
7,18,87.12,1,2,38,95.58
7,19,88.84,1,2,30,100.25
7,20,93.58000000000001,1,3,53,100.84
7,21,94.33000000000001,1,2,34,107.28
7,22,96.06,1,5,78,104.52
7,23,98.34,1,0,10,105.87
7,24,101.38000000000001,1,1,17,108.57
7,25,109.07000000000001,1,2,35,116.82
7,26,110.18,1,4,67,117.37
7,27,113.79,1,3,50,120.82
7,28,118.28,1,5,88,127.01
7,29,118.52000000000001,2,0,7,130.8
7,30,123.2,1,5,79,134.04
7,31,124.13000000000001,2,1,21,136.93
7,32,124.47,2,5,82,145.42
7,33,139.34,1,3,54,147.27
7,34,156.19,1,2,44,165.32
7,35,164.45000000000002,1,0,8,171.71
7,36,166.27,1,4,61,172.8
7,37,166.78,1,0,12,178.34
7,38,172.55,1,3,49,180.48
7,39,175.45000000000002,1,2,37,183.24
7,40,176.1,1,3,48,186.84
7,41,179.51000000000002,1,1,25,187.64
7,42,179.69,1,3,56,193.47
7,43,191.69,1,2,43,200.42
7,44,193.19,1,0,2,199.78
7,45,198.62,1,2,42,207.35
7,46,200.49,1,2,33,213.71
7,47,204.16,2,0,9,219.12
7,48,208.11,1,2,40,220.34
7,49,209.14000000000001,1,4,69,217.67
7,50,226.6,1,1,16,233.13
7,51,234.06,1,0,0,239.63
7,52,248.09,1,1,27,256.22
7,53,259.34999999999997,1,4,71,267.48
7,54,263.9,1,3,46,269.83
7,55,276.65,1,2,32,284.44
7,56,277.10999999999996,1,2,36,290.09
7,57,278.2,1,0,1,284.13
7,58,278.44,1,0,11,290.76
7,59,280.4,1,4,63,288.26
7,60,282.85999999999996,1,1,24,291.39
7,61,284.45,1,0,3,297.12
7,62,293.27,1,4,68,301.13
7,63,295.47999999999996,1,0,6,302.77
7,64,297.12,1,3,57,304.65
7,65,301.03999999999996,1,4,70,309.17
7,66,301.79999999999995,1,1,18,309.66
7,67,309.9,1,5,89,319.03
7,68,310.28999999999996,1,4,64,318.82
7,69,331.96,1,3,51,338.51
7,70,339.34999999999997,1,4,60,346.5
7,71,340.46,1,5,83,348.92
7,72,340.48999999999995,1,5,76,353.95
7,73,348.94,1,2,31,356.07
7,74,355.07,1,0,14,363.0
7,75,361.59999999999997,1,4,73,369.73
7,76,368.97999999999996,1,4,62,376.84
7,77,369.35999999999996,1,3,47,375.95
7,78,371.58,1,3,52,381.64
7,79,372.2,1,2,39,381.33
7,80,382.14,1,5,77,389.93
7,81,387.02,1,1,28,395.15
7,82,389.03,1,3,55,396.56
7,83,389.35999999999996,1,4,66,397.49
7,84,391.21999999999997,1,5,86,399.95
7,85,393.19,2,2,41,408.55
7,86,399.72999999999996,1,0,13,407.26
7,87,404.79999999999995,1,4,65,411.95
7,88,415.71,1,1,23,423.57
7,89,418.90999999999997,3,5,80,437.96
8,0,0.0,1,3,52,6.59
8,1,15.049999999999999,1,1,16,21.58
8,2,21.63,1,0,13,29.16
8,3,26.2,1,3,50,32.75
8,4,27.04,1,4,72,35.17
8,5,27.889999999999997,1,4,71,41.8
8,6,28.189999999999998,1,1,24,36.72
8,7,38.25,1,5,89,47.38
8,8,42.839999999999996,1,3,46,48.77
8,9,49.0,1,3,49,56.93
8,10,49.1,1,2,30,55.87
8,11,66.62,1,5,80,74.37
8,12,75.55000000000001,1,5,84,84.68
8,13,76.75,1,4,69,85.28
8,14,77.75,1,1,15,83.92
8,15,78.76,1,5,88,91.31
8,16,80.58000000000001,1,4,61,90.31
8,17,84.30000000000001,1,2,31,91.43
8,18,87.12,1,3,57,94.65
8,19,88.84,1,2,40,98.06
8,20,93.58000000000001,1,5,87,102.31
8,21,94.33000000000001,1,0,7,100.92
8,22,96.06,1,1,28,104.19
8,23,98.34,1,4,63,106.2
8,24,101.38000000000001,1,3,48,108.64
8,25,109.07000000000001,1,5,86,117.8
8,26,110.18,1,5,81,123.45
8,27,113.79,1,0,0,119.36
8,28,118.28,1,0,9,126.39
8,29,118.52000000000001,2,4,68,132.74
8,30,123.2,1,1,20,130.35
8,31,124.13000000000001,2,4,60,142.08
8,32,124.47,2,4,65,153.38
8,33,139.34,1,0,6,145.89
8,34,156.19,1,0,11,163.72
8,35,164.45000000000002,1,1,23,172.31
8,36,166.27,1,0,2,172.86
8,37,166.78,1,5,78,175.24
8,38,172.55,1,2,35,180.3
8,39,175.45000000000002,1,4,74,183.98
8,40,176.1,1,1,25,184.23
8,41,179.51000000000002,1,3,54,187.44
8,42,179.69,1,0,14,187.62
8,43,191.69,1,5,83,200.15
8,44,193.19,1,1,18,201.05
8,45,198.62,1,2,32,206.41
8,46,200.49,1,0,10,208.02
8,47,204.16,2,3,56,218.32
8,48,208.11,1,4,70,216.24
8,49,209.14000000000001,1,5,79,218.27
8,50,226.6,1,3,59,234.53
8,51,234.06,1,3,45,239.63
8,52,248.09,1,5,82,255.88
8,53,259.34999999999997,1,1,21,266.5
8,54,263.9,1,5,85,272.63
8,55,276.65,1,2,43,285.38
8,56,277.10999999999996,1,3,55,284.64
8,57,278.2,1,2,38,291.74
8,58,278.44,1,1,19,286.97
8,59,280.4,1,4,62,287.59
8,60,282.85999999999996,1,5,75,289.63
8,61,284.45,1,4,66,293.24
8,62,293.27,1,0,1,299.2
8,63,295.47999999999996,1,4,64,304.01
8,64,297.12,1,1,27,305.25
8,65,301.03999999999996,1,3,51,307.59
8,66,301.79999999999995,1,2,36,309.55
8,67,309.9,1,2,37,317.69
8,68,310.28999999999996,1,3,47,316.88
8,69,331.96,1,2,39,341.09
8,70,339.34999999999997,1,1,22,346.54
8,71,340.46,1,0,3,347.72
8,72,340.48999999999995,1,3,58,348.02
8,73,348.94,1,4,73,357.07
8,74,355.07,1,5,77,362.86
8,75,361.59999999999997,1,2,44,370.73
8,76,368.97999999999996,1,1,29,377.51
8,77,369.35999999999996,1,0,5,375.91
8,78,371.58,1,2,41,380.31
8,79,372.2,1,0,8,382.27
8,80,382.14,1,3,53,389.4
8,81,387.02,1,2,42,395.75
8,82,389.03,1,2,34,402.78
8,83,389.35999999999996,1,0,4,397.29
8,84,391.21999999999997,1,5,76,398.35
8,85,393.19,2,1,26,407.95
8,86,399.72999999999996,1,0,12,407.26
8,87,404.79999999999995,1,4,67,411.99
8,88,415.71,1,1,17,422.9
8,89,418.90999999999997,3,2,33,440.09
9,0,0.0,1,0,9,7.93
9,1,15.049999999999999,1,3,46,20.98
9,2,21.63,1,5,88,30.36
9,3,26.2,1,4,66,33.35
9,4,27.04,1,4,73,39.98
9,5,27.889999999999997,1,0,6,34.44
9,6,28.189999999999998,1,4,71,46.61
9,7,38.25,1,1,15,44.42
9,8,42.839999999999996,1,2,39,51.97
9,9,49.0,1,0,3,56.26
9,10,49.1,1,1,24,57.63
9,11,66.62,1,5,78,75.08
9,12,75.55000000000001,1,0,1,81.48
9,13,76.75,1,2,44,85.88
9,14,77.75,1,1,25,85.88
9,15,78.76,1,2,33,92.24
9,16,80.58000000000001,1,1,28,92.51
9,17,84.30000000000001,1,0,4,92.23
9,18,87.12,1,1,21,98.16
9,19,88.84,1,4,63,96.7
9,20,93.58000000000001,1,0,2,100.17
9,21,94.33000000000001,1,5,75,101.1
9,22,96.06,1,5,77,106.79
9,23,98.34,1,4,61,104.87
9,24,101.38000000000001,1,3,45,106.95
9,25,109.07000000000001,1,3,48,116.33
9,26,110.18,1,0,0,115.75
9,27,113.79,1,5,87,122.52
9,28,118.28,1,5,85,129.15
9,29,118.52000000000001,2,3,56,132.68
9,30,123.2,1,4,67,130.39
9,31,124.13000000000001,2,1,17,137.01
9,32,124.47,2,0,11,138.63
9,33,139.34,1,5,86,148.07
9,34,156.19,1,1,18,164.05
9,35,164.45000000000002,1,0,10,171.98
9,36,166.27,1,4,64,174.8
9,37,166.78,1,0,8,178.34
9,38,172.55,1,5,80,180.3
9,39,175.45000000000002,1,4,70,183.58
9,40,176.1,1,0,13,184.97
9,41,179.51000000000002,1,3,55,187.04
9,42,179.69,1,2,37,187.48
9,43,191.69,1,2,32,199.48
9,44,193.19,1,5,81,200.94
9,45,198.62,1,5,84,207.97
9,46,200.49,1,0,7,207.08
9,47,204.16,2,2,43,219.52
9,48,208.11,1,2,42,226.15
9,49,209.14000000000001,1,4,65,216.29
9,50,226.6,1,5,83,235.06
9,51,234.06,1,3,49,241.99
9,52,248.09,1,1,19,256.62
9,53,259.34999999999997,1,5,82,267.14
9,54,263.9,1,1,22,271.09
9,55,276.65,1,1,29,285.18
9,56,277.10999999999996,1,4,60,283.28
9,57,278.2,1,3,53,285.46
9,58,278.44,1,3,54,292.49
9,59,280.4,1,2,35,288.15
9,60,282.85999999999996,1,0,12,290.39
9,61,284.45,1,2,40,294.78
9,62,293.27,1,5,89,302.4
9,63,295.47999999999996,1,3,47,302.07
9,64,297.12,1,3,59,309.1
9,65,301.03999999999996,1,2,31,308.17
9,66,301.79999999999995,1,3,50,314.75
9,67,309.9,1,3,57,321.38
9,68,310.28999999999996,1,1,23,318.15
9,69,331.96,1,5,76,339.09
9,70,339.34999999999997,1,5,79,348.48
9,71,340.46,1,2,36,348.21
9,72,340.48999999999995,1,2,34,355.24
9,73,348.94,1,4,68,356.8
9,74,355.07,1,4,69,363.83
9,75,361.59999999999997,1,1,26,369.73
9,76,368.97999999999996,1,3,52,375.57
9,77,369.35999999999996,1,2,38,377.82
9,78,371.58,1,3,58,382.2
9,79,372.2,1,4,74,380.73
9,80,382.14,1,2,30,388.91
9,81,387.02,1,1,27,395.15
9,82,389.03,1,1,20,400.8
9,83,389.35999999999996,1,0,14,397.29
9,84,391.21999999999997,1,0,5,402.94
9,85,393.19,2,4,62,406.07
9,86,399.72999999999996,1,4,72,412.7
9,87,404.79999999999995,1,3,51,411.35
9,88,415.71,1,2,41,424.44
9,89,418.90999999999997,3,1,16,435.5
10,0,0.0,1,2,38,8.46
10,1,15.049999999999999,1,1,21,22.2
10,2,21.63,1,0,8,28.89
10,3,26.2,1,0,4,35.92
10,4,27.04,1,4,63,34.9
10,5,27.889999999999997,1,2,39,37.02
10,6,28.189999999999998,1,5,78,36.65
10,7,38.25,1,5,79,47.38
10,8,42.839999999999996,1,0,13,50.37
10,9,49.0,1,3,47,55.59
10,10,49.1,1,0,11,57.0
10,11,66.62,1,5,75,73.39
10,12,75.55000000000001,1,1,27,83.68
10,13,76.75,1,2,40,85.48
10,14,77.75,1,4,66,84.9
10,15,78.76,1,5,85,87.49
10,16,80.58000000000001,1,0,12,88.11
10,17,84.30000000000001,1,3,48,91.56
10,18,87.12,1,1,22,94.31
10,19,88.84,1,2,33,97.3
10,20,93.58000000000001,1,2,30,101.97
10,21,94.33000000000001,1,5,87,103.06
10,22,96.06,1,2,36,107.62
10,23,98.34,1,4,65,105.49
10,24,101.38000000000001,1,3,46,107.31
10,25,109.07000000000001,1,5,81,116.82
10,26,110.18,1,4,60,116.35
10,27,113.79,1,3,54,121.72
10,28,118.28,1,5,77,126.07
10,29,118.52000000000001,2,3,51,133.02
10,30,123.2,1,0,2,129.79
10,31,124.13000000000001,2,1,20,136.93
10,32,124.47,2,4,64,140.03
10,33,139.34,1,3,52,145.93
10,34,156.19,1,4,62,163.38
10,35,164.45000000000002,1,1,16,170.98
10,36,166.27,1,3,55,173.8
10,37,166.78,1,1,23,177.34
10,38,172.55,1,5,83,181.01
10,39,175.45000000000002,1,5,80,186.66
10,40,176.1,1,3,56,183.63
10,41,179.51000000000002,1,2,35,187.26
10,42,179.69,1,5,84,193.69
10,43,191.69,1,0,1,197.62
10,44,193.19,1,5,89,202.32
10,45,198.62,1,0,3,205.88
10,46,200.49,1,4,68,208.35
10,47,204.16,2,3,53,217.78
10,48,208.11,1,5,88,216.84
10,49,209.14000000000001,1,2,31,216.27
10,50,226.6,1,4,70,234.73
10,51,234.06,1,0,9,241.99
10,52,248.09,1,4,74,256.62
10,53,259.34999999999997,1,4,72,267.48
10,54,263.9,1,3,57,271.43
10,55,276.65,1,5,82,284.44
10,56,277.10999999999996,1,3,59,285.04
10,57,278.2,1,2,34,287.33
10,58,278.44,1,1,18,286.3
10,59,280.4,1,5,76,289.47
10,60,282.85999999999996,1,4,71,290.99
10,61,284.45,1,5,86,296.1
10,62,293.27,1,4,69,301.8
10,63,295.47999999999996,1,1,19,304.01
10,64,297.12,1,3,45,302.69
10,65,301.03999999999996,1,1,25,310.64
10,66,301.79999999999995,1,1,28,317.27
10,67,309.9,1,1,24,324.3
10,68,310.28999999999996,1,4,73,318.42
10,69,331.96,1,0,6,338.51
10,70,339.34999999999997,1,3,50,345.9
10,71,340.46,1,0,14,348.39
10,72,340.48999999999995,1,0,0,353.06
10,73,348.94,1,2,43,357.67
10,74,355.07,1,0,7,361.66
10,75,361.59999999999997,1,2,44,370.73
10,76,368.97999999999996,1,1,29,377.51
10,77,369.35999999999996,1,3,49,377.29
10,78,371.58,1,2,42,380.31
10,79,372.2,1,1,17,383.2
10,80,382.14,1,2,32,389.93
10,81,387.02,1,3,58,394.55
10,82,389.03,1,2,37,396.82
10,83,389.35999999999996,1,1,15,395.53
10,84,391.21999999999997,1,0,5,397.77
10,85,393.19,2,1,26,408.79
10,86,399.72999999999996,1,4,67,406.92
10,87,404.79999999999995,1,2,41,413.53
10,88,415.71,1,4,61,422.24
10,89,418.90999999999997,3,0,10,439.7
11,0,0.0,1,0,7,6.59
11,1,15.049999999999999,1,5,76,22.18
11,2,21.63,1,4,73,29.76
11,3,26.2,1,5,75,32.97
11,4,27.04,1,3,52,33.63
11,5,27.889999999999997,1,0,1,33.82
11,6,28.189999999999998,1,1,17,35.38
11,7,38.25,1,4,70,46.38
11,8,42.839999999999996,1,0,2,49.43
11,9,49.0,1,3,50,55.55
11,10,49.1,1,3,48,61.91
11,11,66.62,1,0,9,74.55
11,12,75.55000000000001,1,5,86,84.28
11,13,76.75,1,0,3,84.01
11,14,77.75,1,3,54,85.68
11,15,78.76,1,5,78,90.64
11,16,80.58000000000001,1,4,62,87.77
11,17,84.30000000000001,1,0,11,91.83
11,18,87.12,1,5,85,97.27
11,19,88.84,1,1,20,95.99
11,20,93.58000000000001,1,1,26,102.62
11,21,94.33000000000001,1,1,19,109.65
11,22,96.06,1,5,82,103.85
11,23,98.34,1,1,21,115.3
11,24,101.38000000000001,1,1,29,122.33
11,25,109.07000000000001,1,3,55,116.6
11,26,110.18,1,4,71,118.31
11,27,113.79,1,0,4,121.72
11,28,118.28,1,4,74,126.81
11,29,118.52000000000001,2,4,63,139.53
11,30,123.2,1,2,33,131.66
11,31,124.13000000000001,2,1,24,139.69
11,32,124.47,2,2,36,142.96
11,33,139.34,1,0,10,146.87
11,34,156.19,1,1,18,164.05
11,35,164.45000000000002,1,0,6,171.0
11,36,166.27,1,0,12,177.63
11,37,166.78,1,1,25,174.91
11,38,172.55,1,0,0,182.3
11,39,175.45000000000002,1,3,51,182.0
11,40,176.1,1,2,40,184.83
11,41,179.51000000000002,1,1,22,186.7
11,42,179.69,1,3,59,189.03
11,43,191.69,1,2,30,198.46
11,44,193.19,1,3,46,199.12
11,45,198.62,1,4,64,207.15
11,46,200.49,1,2,32,208.28
11,47,204.16,2,5,88,219.52
11,48,208.11,1,5,79,226.55
11,49,209.14000000000001,1,2,34,218.27
11,50,226.6,1,2,41,235.33
11,51,234.06,1,1,27,242.19
11,52,248.09,1,1,28,256.22
11,53,259.34999999999997,1,4,69,267.88
11,54,263.9,1,1,16,270.43
11,55,276.65,1,5,84,285.78
11,56,277.10999999999996,1,2,31,284.24
11,57,278.2,1,2,39,291.27
11,58,278.44,1,2,44,298.3
11,59,280.4,1,0,5,286.95
11,60,282.85999999999996,1,2,43,304.93
11,61,284.45,1,5,89,293.58
11,62,293.27,1,3,57,300.8
11,63,295.47999999999996,1,2,42,311.56
11,64,297.12,1,2,38,317.92
11,65,301.03999999999996,1,0,8,308.3
11,66,301.79999999999995,1,3,56,309.33
11,67,309.9,1,5,77,317.69
11,68,310.28999999999996,1,4,72,318.42
11,69,331.96,1,3,47,338.55
11,70,339.34999999999997,1,0,13,346.88
11,71,340.46,1,5,83,348.92
11,72,340.48999999999995,1,5,80,354.57
11,73,348.94,1,4,60,355.11
11,74,355.07,1,4,67,362.26
11,75,361.59999999999997,1,3,49,369.53
11,76,368.97999999999996,1,3,53,376.24
11,77,369.35999999999996,1,5,81,377.11
11,78,371.58,1,0,14,379.51
11,79,372.2,1,1,23,380.06
11,80,382.14,1,3,58,389.67
11,81,387.02,1,5,87,395.75
11,82,389.03,1,4,65,396.18
11,83,389.35999999999996,1,4,66,401.83
11,84,391.21999999999997,1,1,15,397.39
11,85,393.19,2,2,35,406.59
11,86,399.72999999999996,1,2,37,412.28
11,87,404.79999999999995,1,3,45,410.37
11,88,415.71,1,4,68,423.57
11,89,418.90999999999997,3,4,61,438.66
12,0,0.0,1,2,32,7.79
12,1,15.049999999999999,1,4,71,23.18
12,2,21.63,1,0,7,28.22
12,3,26.2,1,2,39,35.33
12,4,27.04,1,3,58,34.57
12,5,27.889999999999997,1,1,16,34.42
12,6,28.189999999999998,1,0,5,34.74
12,7,38.25,1,3,48,45.51
12,8,42.839999999999996,1,0,12,50.37
12,9,49.0,1,5,89,58.13
12,10,49.1,1,2,34,58.23
12,11,66.62,1,3,54,74.55
12,12,75.55000000000001,1,2,33,84.01
12,13,76.75,1,1,22,83.94
12,14,77.75,1,2,38,90.37
12,15,78.76,1,4,66,85.91
12,16,80.58000000000001,1,3,52,87.17
12,17,84.30000000000001,1,5,85,93.03
12,18,87.12,1,4,70,95.25
12,19,88.84,1,0,8,96.1
12,20,93.58000000000001,1,5,75,100.35
12,21,94.33000000000001,1,1,27,102.46
12,22,96.06,1,4,62,103.25
12,23,98.34,1,2,43,107.07
12,24,101.38000000000001,1,3,49,109.31
12,25,109.07000000000001,1,3,50,115.62
12,26,110.18,1,1,23,118.04
12,27,113.79,1,4,67,120.98
12,28,118.28,1,1,15,124.45
12,29,118.52000000000001,2,5,80,131.92
12,30,123.2,1,0,4,131.13
12,31,124.13000000000001,2,1,21,136.93
12,32,124.47,2,5,79,145.98
12,33,139.34,1,1,28,147.47
12,34,156.19,1,4,74,164.72
12,35,164.45000000000002,1,5,78,172.91
12,36,166.27,1,4,69,174.8
12,37,166.78,1,3,55,174.31
12,38,172.55,1,1,25,180.68
12,39,175.45000000000002,1,0,11,182.98
12,40,176.1,1,0,9,190.01
12,41,179.51000000000002,1,4,63,187.37
12,42,179.69,1,5,83,188.15
12,43,191.69,1,4,72,199.82
12,44,193.19,1,5,82,200.98
12,45,198.62,1,2,30,205.39
12,46,200.49,1,5,86,209.22
12,47,204.16,2,4,73,218.92
12,48,208.11,1,0,6,214.66
12,49,209.14000000000001,1,5,77,216.93
12,50,226.6,1,0,2,233.19
12,51,234.06,1,4,61,240.59
12,52,248.09,1,2,36,255.84
12,53,259.34999999999997,1,4,64,267.88
12,54,263.9,1,2,31,271.03
12,55,276.65,1,4,68,284.51
12,56,277.10999999999996,1,2,40,285.84
12,57,278.2,1,3,59,286.13
12,58,278.44,1,1,18,286.3
12,59,280.4,1,0,14,288.33
12,60,282.85999999999996,1,0,3,294.69
12,61,284.45,1,1,17,291.99
12,62,293.27,1,1,26,301.4
12,63,295.47999999999996,1,3,47,302.07
12,64,297.12,1,3,46,307.1
12,65,301.03999999999996,1,1,20,308.19
12,66,301.79999999999995,1,1,29,315.22
12,67,309.9,1,2,41,318.63
12,68,310.28999999999996,1,3,45,315.86
12,69,331.96,1,3,51,338.51
12,70,339.34999999999997,1,2,42,348.08
12,71,340.46,1,4,60,346.63
12,72,340.48999999999995,1,0,0,346.06
12,73,348.94,1,3,57,356.47
12,74,355.07,1,0,1,361.0
12,75,361.59999999999997,1,0,10,369.13
12,76,368.97999999999996,1,1,24,377.51
12,77,369.35999999999996,1,0,13,376.89
12,78,371.58,1,5,81,379.33
12,79,372.2,1,5,87,385.96
12,80,382.14,1,2,37,389.93
12,81,387.02,1,5,88,395.75
12,82,389.03,1,3,53,396.29
12,83,389.35999999999996,1,4,65,396.51
12,84,391.21999999999997,1,5,84,402.78
12,85,393.19,2,2,35,406.59
12,86,399.72999999999996,1,1,19,408.26
12,87,404.79999999999995,1,3,56,412.33
12,88,415.71,1,2,44,424.84
12,89,418.90999999999997,3,5,76,436.1
13,0,0.0,1,0,11,7.53
13,1,15.049999999999999,1,4,60,21.22
13,2,21.63,1,0,9,29.56
13,3,26.2,1,0,13,36.19
13,4,27.04,1,4,68,34.9
13,5,27.889999999999997,1,4,71,41.53
13,6,28.189999999999998,1,5,77,35.98
13,7,38.25,1,0,1,44.18
13,8,42.839999999999996,1,1,28,50.97
13,9,49.0,1,1,21,56.62
13,10,49.1,1,2,44,58.23
13,11,66.62,1,0,7,73.21
13,12,75.55000000000001,1,2,38,84.01
13,13,76.75,1,0,12,84.28
13,14,77.75,1,2,41,90.64
13,15,78.76,1,3,55,86.29
13,16,80.58000000000001,1,4,65,87.73
13,17,84.30000000000001,1,5,82,92.09
13,18,87.12,1,0,3,94.38
13,19,88.84,1,4,63,96.7
13,20,93.58000000000001,1,4,70,103.33
13,21,94.33000000000001,1,3,58,101.86
13,22,96.06,1,2,42,104.79
13,23,98.34,1,3,47,107.55
13,24,101.38000000000001,1,5,87,110.11
13,25,109.07000000000001,1,4,66,116.22
13,26,110.18,1,0,10,117.71
13,27,113.79,1,5,85,122.52
13,28,118.28,1,1,27,126.41
13,29,118.52000000000001,2,1,22,137.79
13,30,123.2,1,3,45,128.77
13,31,124.13000000000001,2,3,56,142.03
13,32,124.47,2,2,36,137.87
13,33,139.34,1,4,74,147.87
13,34,156.19,1,3,53,163.45
13,35,164.45000000000002,1,0,8,171.71
13,36,166.27,1,5,79,175.4
13,37,166.78,1,5,88,182.03
13,38,172.55,1,2,43,181.28
13,39,175.45000000000002,1,1,18,183.31
13,40,176.1,1,2,30,185.95
13,41,179.51000000000002,1,2,35,191.6
13,42,179.69,1,5,78,188.39
13,43,191.69,1,3,49,199.62
13,44,193.19,1,1,23,201.05
13,45,198.62,1,0,6,205.17
13,46,200.49,1,0,2,210.86
13,47,204.16,2,4,62,217.04
13,48,208.11,1,0,4,217.89
13,49,209.14000000000001,1,1,29,217.67
13,50,226.6,1,4,61,233.13
13,51,234.06,1,1,17,241.25
13,52,248.09,1,3,59,256.02
13,53,259.34999999999997,1,1,26,267.48
13,54,263.9,1,4,72,272.03
13,55,276.65,1,3,51,283.2
13,56,277.10999999999996,1,1,24,285.64
13,57,278.2,1,5,81,285.95
13,58,278.44,1,1,19,292.67
13,59,280.4,1,2,39,289.53
13,60,282.85999999999996,1,0,0,288.43
13,61,284.45,1,0,14,295.46
13,62,293.27,1,3,50,299.82
13,63,295.47999999999996,1,1,16,302.01
13,64,297.12,1,2,31,304.25
13,65,301.03999999999996,1,5,83,309.5
13,66,301.79999999999995,1,5,89,316.53
13,67,309.9,1,2,32,317.69
13,68,310.28999999999996,1,5,86,323.16
13,69,331.96,1,2,40,340.69
13,70,339.34999999999997,1,4,67,346.54
13,71,340.46,1,5,76,347.59
13,72,340.48999999999995,1,5,75,352.26
13,73,348.94,1,2,34,358.07
13,74,355.07,1,3,48,362.33
13,75,361.59999999999997,1,4,73,369.73
13,76,368.97999999999996,1,4,64,377.51
13,77,369.35999999999996,1,5,84,378.49
13,78,371.58,1,3,54,379.51
13,79,372.2,1,3,52,385.2
13,80,382.14,1,3,57,391.83
13,81,387.02,1,5,80,394.77
13,82,389.03,1,1,15,395.2
13,83,389.35999999999996,1,0,5,395.91
13,84,391.21999999999997,1,2,33,399.68
13,85,393.19,2,2,37,411.06
13,86,399.72999999999996,1,1,20,406.88
13,87,404.79999999999995,1,4,69,413.33
13,88,415.71,1,1,25,423.84
13,89,418.90999999999997,3,3,46,434.9
14,0,0.0,1,5,85,8.73
14,1,15.049999999999999,1,5,87,23.78
14,2,21.63,1,4,68,29.49
14,3,26.2,1,5,88,34.93
14,4,27.04,1,3,50,33.59
14,5,27.889999999999997,1,0,1,33.82
14,6,28.189999999999998,1,4,71,36.32
14,7,38.25,1,2,32,46.04
14,8,42.839999999999996,1,2,36,51.69
14,9,49.0,1,5,76,56.13
14,10,49.1,1,2,40,58.32
14,11,66.62,1,4,74,75.15
14,12,75.55000000000001,1,0,3,82.81
14,13,76.75,1,3,59,84.68
14,14,77.75,1,1,25,85.88
14,15,78.76,1,2,39,87.89
14,16,80.58000000000001,1,1,19,92.91
14,17,84.30000000000001,1,1,16,97.94
14,18,87.12,1,2,38,95.58
14,19,88.84,1,0,2,95.43
14,20,93.58000000000001,1,4,69,102.11
14,21,94.33000000000001,1,3,49,102.26
14,22,96.06,1,3,54,109.29
14,23,98.34,1,0,4,106.27
14,24,101.38000000000001,1,1,27,109.51
14,25,109.07000000000001,1,2,33,117.53
14,26,110.18,1,3,51,116.73
14,27,113.79,1,1,17,120.98
14,28,118.28,1,3,52,124.87
14,29,118.52000000000001,2,3,46,134.93
14,30,123.2,1,1,23,131.06
14,31,124.13000000000001,2,3,58,148.19
14,32,124.47,2,2,30,136.5
14,33,139.34,1,5,77,147.13
14,34,156.19,1,5,78,164.65
14,35,164.45000000000002,1,5,83,172.91
14,36,166.27,1,5,75,177.58
14,37,166.78,1,4,66,173.93
14,38,172.55,1,4,65,179.7
14,39,175.45000000000002,1,5,79,184.61
14,40,176.1,1,2,37,183.89
14,41,179.51000000000002,1,3,53,186.77
14,42,179.69,1,0,5,186.24
14,43,191.69,1,1,15,197.86
14,44,193.19,1,3,48,200.45
14,45,198.62,1,2,43,207.35
14,46,200.49,1,0,14,208.42
14,47,204.16,2,1,21,216.96
14,48,208.11,1,0,10,215.64
14,49,209.14000000000001,1,4,63,217.0
14,50,226.6,1,1,22,233.79
14,51,234.06,1,3,47,240.65
14,52,248.09,1,5,81,255.84
14,53,259.34999999999997,1,3,57,266.88
14,54,263.9,1,0,7,270.49
14,55,276.65,1,0,9,284.58
14,56,277.10999999999996,1,0,8,290.94
14,57,278.2,1,1,28,286.33
14,58,278.44,1,1,20,291.98
14,59,280.4,1,3,45,285.97
14,60,282.85999999999996,1,1,29,299.01
14,61,284.45,1,4,70,292.58
14,62,293.27,1,4,67,300.46
14,63,295.47999999999996,1,2,41,304.21
14,64,297.12,1,4,61,305.49
14,65,301.03999999999996,1,2,34,311.24
14,66,301.79999999999995,1,4,72,312.12
14,67,309.9,1,5,84,319.03
14,68,310.28999999999996,1,5,80,324.68
14,69,331.96,1,4,62,339.15
14,70,339.34999999999997,1,0,12,346.88
14,71,340.46,1,0,6,352.53
14,72,340.48999999999995,1,4,60,346.66
14,73,348.94,1,1,24,357.47
14,74,355.07,1,0,11,362.6
14,75,361.59999999999997,1,5,86,370.33
14,76,368.97999999999996,1,5,82,376.77
14,77,369.35999999999996,1,4,73,377.49
14,78,371.58,1,2,42,380.31
14,79,372.2,1,2,31,385.34
14,80,382.14,1,3,56,389.67
14,81,387.02,1,1,26,395.15
14,82,389.03,1,0,13,396.56
14,83,389.35999999999996,1,0,0,401.23
14,84,391.21999999999997,1,5,89,400.35
14,85,393.19,2,2,35,406.59
14,86,399.72999999999996,1,1,18,407.59
14,87,404.79999999999995,1,4,64,413.33
14,88,415.71,1,3,55,423.24
14,89,418.90999999999997,3,2,44,442.1
15,0,0.0,1,3,48,7.26
15,1,15.049999999999999,1,4,71,23.18
15,2,21.63,1,2,42,30.36
15,3,26.2,1,4,73,34.33
15,4,27.04,1,4,63,40.69
15,5,27.889999999999997,1,4,62,46.38
15,6,28.189999999999998,1,3,52,34.78
15,7,38.25,1,4,65,52.03
15,8,42.839999999999996,1,2,44,51.97
15,9,49.0,1,1,20,56.15
15,10,49.1,1,1,21,61.8
15,11,66.62,1,0,5,73.17
15,12,75.55000000000001,1,5,78,84.01
15,13,76.75,1,1,29,85.28
15,14,77.75,1,3,58,85.28
15,15,78.76,1,0,11,86.29
15,16,80.58000000000001,1,3,47,90.97
15,17,84.30000000000001,1,3,45,95.64
15,18,87.12,1,4,72,95.25
15,19,88.84,1,0,10,96.37
15,20,93.58000000000001,1,2,41,102.31
15,21,94.33000000000001,1,5,79,103.46
15,22,96.06,1,0,0,101.63
15,23,98.34,1,0,1,106.66
15,24,101.38000000000001,1,2,33,109.84
15,25,109.07000000000001,1,5,82,116.86
15,26,110.18,1,5,75,121.53
15,27,113.79,1,4,70,121.92
15,28,118.28,1,4,66,127.57
15,29,118.52000000000001,2,0,3,132.14
15,30,123.2,1,5,83,131.66
15,31,124.13000000000001,2,3,50,136.33
15,32,124.47,2,4,69,141.63
15,33,139.34,1,5,77,147.13
15,34,156.19,1,5,84,165.32
15,35,164.45000000000002,1,3,59,172.38
15,36,166.27,1,1,15,172.44
15,37,166.78,1,2,39,175.91
15,38,172.55,1,1,18,180.41
15,39,175.45000000000002,1,2,37,183.24
15,40,176.1,1,3,57,183.63
15,41,179.51000000000002,1,3,56,190.26
15,42,179.69,1,4,60,185.86
15,43,191.69,1,1,26,199.82
15,44,193.19,1,3,55,200.72
15,45,198.62,1,2,32,206.41
15,46,200.49,1,1,22,207.68
15,47,204.16,2,1,19,221.74
15,48,208.11,1,0,13,215.64
15,49,209.14000000000001,1,4,68,217.0
15,50,226.6,1,2,31,233.73
15,51,234.06,1,1,16,240.59
15,52,248.09,1,5,89,257.22
15,53,259.34999999999997,1,1,25,267.48
15,54,263.9,1,4,67,271.09
15,55,276.65,1,5,81,284.4
15,56,277.10999999999996,1,5,86,291.03
15,57,278.2,1,2,30,284.97
15,58,278.44,1,5,87,297.66
15,59,280.4,1,5,76,302.69
15,60,282.85999999999996,1,1,17,290.05
15,61,284.45,1,3,51,291.0
15,62,293.27,1,2,40,302.0
15,63,295.47999999999996,1,3,49,303.41
15,64,297.12,1,5,80,308.34
15,65,301.03999999999996,1,4,64,309.57
15,66,301.79999999999995,1,0,2,308.39
15,67,309.9,1,1,28,318.03
15,68,310.28999999999996,1,1,27,324.66
15,69,331.96,1,0,14,339.89
15,70,339.34999999999997,1,2,34,348.48
15,71,340.46,1,0,7,347.05
15,72,340.48999999999995,1,1,24,349.02
15,73,348.94,1,4,61,355.47
15,74,355.07,1,2,43,363.8
15,75,361.59999999999997,1,3,46,367.53
15,76,368.97999999999996,1,0,4,376.91
15,77,369.35999999999996,1,3,54,377.29
15,78,371.58,1,0,6,382.56
15,79,372.2,1,1,23,380.06
15,80,382.14,1,2,38,390.6
15,81,387.02,1,5,85,395.75
15,82,389.03,1,2,35,396.78
15,83,389.35999999999996,1,4,74,397.89
15,84,391.21999999999997,1,5,88,402.38
15,85,393.19,2,0,9,408.15
15,86,399.72999999999996,1,0,8,414.51
15,87,404.79999999999995,1,3,53,412.06
15,88,415.71,1,2,36,423.46
15,89,418.90999999999997,3,0,12,439.7
16,0,0.0,1,0,5,6.55
16,1,15.049999999999999,1,3,57,22.58
16,2,21.63,1,4,74,30.16
16,3,26.2,1,2,39,35.33
16,4,27.04,1,1,16,33.57
16,5,27.889999999999997,1,3,58,35.42
16,6,28.189999999999998,1,2,31,40.36
16,7,38.25,1,0,10,45.78
16,8,42.839999999999996,1,4,71,50.97
16,9,49.0,1,1,17,56.19
16,10,49.1,1,2,32,56.89
16,11,66.62,1,3,51,73.17
16,12,75.55000000000001,1,2,41,84.28
16,13,76.75,1,2,38,90.64
16,14,77.75,1,1,15,83.92
16,15,78.76,1,4,73,86.89
16,16,80.58000000000001,1,2,33,97.0
16,17,84.30000000000001,1,3,49,92.23
16,18,87.12,1,4,64,95.65
16,19,88.84,1,3,56,98.86
16,20,93.58000000000001,1,2,34,104.03
16,21,94.33000000000001,1,5,76,101.46
16,22,96.06,1,1,26,104.19
16,23,98.34,1,1,24,111.22
16,24,101.38000000000001,1,2,30,108.7
16,25,109.07000000000001,1,5,87,117.8
16,26,110.18,1,2,43,118.91
16,27,113.79,1,4,69,122.32
16,28,118.28,1,5,79,127.41
16,29,118.52000000000001,2,4,67,133.7
16,30,123.2,1,4,70,140.33
16,31,124.13000000000001,2,0,9,139.09
16,32,124.47,2,3,50,136.67
16,33,139.34,1,5,86,148.07
16,34,156.19,1,4,72,164.32
16,35,164.45000000000002,1,0,14,172.38
16,36,166.27,1,0,11,179.01
16,37,166.78,1,1,22,173.97
16,38,172.55,1,2,42,181.28
16,39,175.45000000000002,1,0,12,185.64
16,40,176.1,1,5,85,184.83
16,41,179.51000000000002,1,1,20,186.66
16,42,179.69,1,0,2,191.33
16,43,191.69,1,4,63,199.55
16,44,193.19,1,5,88,201.92
16,45,198.62,1,5,77,207.61
16,46,200.49,1,4,61,207.02
16,47,204.16,2,3,54,219.12
16,48,208.11,1,3,55,225.75
16,49,209.14000000000001,1,0,0,214.71
16,50,226.6,1,0,8,233.86
16,51,234.06,1,0,13,241.59
16,52,248.09,1,4,68,255.95
16,53,259.34999999999997,1,1,19,267.88
16,54,263.9,1,0,6,270.45
16,55,276.65,1,5,89,285.78
16,56,277.10999999999996,1,0,3,284.37
16,57,278.2,1,3,52,284.79
16,58,278.44,1,2,44,287.57
16,59,280.4,1,5,83,292.14
16,60,282.85999999999996,1,3,45,289.46
16,61,284.45,1,3,48,295.82
16,62,293.27,1,5,84,302.4
16,63,295.47999999999996,1,1,23,303.34
16,64,297.12,1,1,21,308.99
16,65,301.03999999999996,1,5,78,309.5
16,66,301.79999999999995,1,2,35,309.55
16,67,309.9,1,3,47,316.49
16,68,310.28999999999996,1,5,82,318.08
16,69,331.96,1,5,75,338.73
16,70,339.34999999999997,1,3,59,347.28
16,71,340.46,1,5,80,348.21
16,72,340.48999999999995,1,0,4,348.42
16,73,348.94,1,4,65,356.09
16,74,355.07,1,3,46,361.0
16,75,361.59999999999997,1,1,18,369.46
16,76,368.97999999999996,1,0,1,374.91
16,77,369.35999999999996,1,1,27,377.49
16,78,371.58,1,2,36,379.33
16,79,372.2,1,1,25,384.12
16,80,382.14,1,0,7,388.73
16,81,387.02,1,4,60,393.19
16,82,389.03,1,4,66,398.84
16,83,389.35999999999996,1,1,29,397.89
16,84,391.21999999999997,1,3,53,398.48
16,85,393.19,2,1,28,411.15
16,86,399.72999999999996,1,2,40,408.46
16,87,404.79999999999995,1,4,62,411.99
16,88,415.71,1,5,81,423.46
16,89,418.90999999999997,3,2,37,438.08
17,0,0.0,1,2,42,8.73
17,1,15.049999999999999,1,5,77,22.84
17,2,21.63,1,1,29,30.16
17,3,26.2,1,4,64,34.73
17,4,27.04,1,1,19,37.19
17,5,27.889999999999997,1,2,39,37.02
17,6,28.189999999999998,1,0,12,35.72
17,7,38.25,1,3,53,45.51
17,8,42.839999999999996,1,0,0,48.41
17,9,49.0,1,0,10,56.53
17,10,49.1,1,2,31,56.23
17,11,66.62,1,4,62,73.81
17,12,75.55000000000001,1,3,57,83.08
17,13,76.75,1,4,67,83.94
17,14,77.75,1,2,44,86.88
17,15,78.76,1,4,65,89.59
17,16,80.58000000000001,1,2,34,93.91
17,17,84.30000000000001,1,3,55,91.83
17,18,87.12,1,5,84,96.25
17,19,88.84,1,5,85,102.88
17,20,93.58000000000001,1,5,80,108.53
17,21,94.33000000000001,1,0,7,100.92
17,22,96.06,1,4,63,103.92
17,23,98.34,1,4,71,110.55
17,24,101.38000000000001,1,3,50,107.93
17,25,109.07000000000001,1,5,86,117.8
17,26,110.18,1,0,13,117.71
17,27,113.79,1,4,70,121.92
17,28,118.28,1,2,41,127.01
17,29,118.52000000000001,2,4,61,131.98
17,30,123.2,1,0,2,129.79
17,31,124.13000000000001,2,5,82,137.61
17,32,124.47,2,4,73,145.24
17,33,139.34,1,1,16,145.87
17,34,156.19,1,3,56,163.72
17,35,164.45000000000002,1,1,28,172.58
17,36,166.27,1,5,76,173.4
17,37,166.78,1,2,33,175.24
17,38,172.55,1,1,22,179.74
17,39,175.45000000000002,1,1,26,186.37
17,40,176.1,1,0,8,183.36
17,41,179.51000000000002,1,2,36,187.26
17,42,179.69,1,2,30,191.93
17,43,191.69,1,2,32,199.48
17,44,193.19,1,1,15,199.36
17,45,198.62,1,4,69,207.15
17,46,200.49,1,1,25,208.62
17,47,204.16,2,2,43,219.52
17,48,208.11,1,0,6,214.66
17,49,209.14000000000001,1,3,58,216.67
17,50,226.6,1,3,54,234.53
17,51,234.06,1,1,20,241.21
17,52,248.09,1,5,89,257.22
17,53,259.34999999999997,1,4,74,267.88
17,54,263.9,1,2,37,271.69
17,55,276.65,1,0,14,284.58
17,56,277.10999999999996,1,5,75,283.88
17,57,278.2,1,4,68,286.06
17,58,278.44,1,5,79,290.91
17,59,280.4,1,1,27,288.53
17,60,282.85999999999996,1,3,48,290.12
17,61,284.45,1,0,9,292.38
17,62,293.27,1,1,18,301.13
17,63,295.47999999999996,1,0,3,302.74
17,64,297.12,1,2,35,304.87
17,65,301.03999999999996,1,0,5,308.39
17,66,301.79999999999995,1,3,52,308.39
17,67,309.9,1,3,59,317.83
17,68,310.28999999999996,1,3,45,322.5
17,69,331.96,1,2,40,340.69
17,70,339.34999999999997,1,3,47,345.94
17,71,340.46,1,5,83,348.92
17,72,340.48999999999995,1,0,4,348.42
17,73,348.94,1,5,88,357.67
17,74,355.07,1,3,51,361.62
17,75,361.59999999999997,1,1,17,368.79
17,76,368.97999999999996,1,5,78,377.44
17,77,369.35999999999996,1,4,66,376.51
17,78,371.58,1,1,23,379.44
17,79,372.2,1,5,81,383.09
17,80,382.14,1,3,49,390.07
17,81,387.02,1,2,38,395.48
17,82,389.03,1,1,24,397.56
17,83,389.35999999999996,1,4,60,395.53
17,84,391.21999999999997,1,5,87,399.95
17,85,393.19,2,1,21,408.86
17,86,399.72999999999996,1,0,11,407.26
17,87,404.79999999999995,1,4,72,412.93
17,88,415.71,1,0,1,421.64
17,89,418.90999999999997,3,3,46,434.9
18,0,0.0,1,4,61,6.53
18,1,15.049999999999999,1,5,79,24.18
18,2,21.63,1,2,31,28.76
18,3,26.2,1,5,85,34.93
18,4,27.04,1,5,84,41.96
18,5,27.889999999999997,1,4,73,36.02
18,6,28.189999999999998,1,4,71,42.65
18,7,38.25,1,5,83,48.32
18,8,42.839999999999996,1,3,53,50.1
18,9,49.0,1,1,16,55.53
18,10,49.1,1,3,58,56.73
18,11,66.62,1,2,33,75.08
18,12,75.55000000000001,1,4,65,82.7
18,13,76.75,1,1,18,84.61
18,14,77.75,1,3,59,85.68
18,15,78.76,1,3,45,90.35
18,16,80.58000000000001,1,3,55,96.98
18,17,84.30000000000001,1,2,35,92.05
18,18,87.12,1,4,70,95.25
18,19,88.84,1,0,12,96.37
18,20,93.58000000000001,1,3,57,103.61
18,21,94.33000000000001,1,2,32,102.12
18,22,96.06,1,2,34,109.15
18,23,98.34,1,2,40,115.78
18,24,101.38000000000001,1,3,56,110.24
18,25,109.07000000000001,1,0,5,115.62
18,26,110.18,1,0,8,121.98
18,27,113.79,1,3,51,120.34
18,28,118.28,1,2,42,127.01
18,29,118.52000000000001,2,5,77,132.0
18,30,123.2,1,0,3,130.46
18,31,124.13000000000001,2,4,72,138.89
18,32,124.47,2,1,20,137.27
18,33,139.34,1,5,89,148.47
18,34,156.19,1,3,47,162.78
18,35,164.45000000000002,1,5,86,173.18
18,36,166.27,1,4,67,173.46
18,37,166.78,1,0,14,174.71
18,38,172.55,1,1,28,180.68
18,39,175.45000000000002,1,1,19,187.71
18,40,176.1,1,5,81,183.85
18,41,179.51000000000002,1,2,37,187.3
18,42,179.69,1,4,64,188.22
18,43,191.69,1,5,76,198.82
18,44,193.19,1,1,25,201.32
18,45,198.62,1,1,22,207.01
18,46,200.49,1,3,54,208.42
18,47,204.16,2,4,69,219.72
18,48,208.11,1,3,52,214.7
18,49,209.14000000000001,1,0,2,215.73
18,50,226.6,1,0,6,233.15
18,51,234.06,1,2,38,242.52
18,52,248.09,1,1,21,255.24
18,53,259.34999999999997,1,4,60,265.52
18,54,263.9,1,1,23,271.76
18,55,276.65,1,5,80,284.4
18,56,277.10999999999996,1,4,63,284.97
18,57,278.2,1,3,46,284.13
18,58,278.44,1,5,75,289.07
18,59,280.4,1,1,24,288.93
18,60,282.85999999999996,1,5,87,295.7
18,61,284.45,1,4,62,291.64
18,62,293.27,1,0,7,299.86
18,63,295.47999999999996,1,5,82,303.27
18,64,297.12,1,3,48,304.38
18,65,301.03999999999996,1,4,68,308.9
18,66,301.79999999999995,1,4,74,315.93
18,67,309.9,1,2,41,318.63
18,68,310.28999999999996,1,5,78,318.75
18,69,331.96,1,0,9,339.89
18,70,339.34999999999997,1,0,4,347.28
18,71,340.46,1,0,1,352.31
18,72,340.48999999999995,1,2,36,348.24
18,73,348.94,1,5,88,357.67
18,74,355.07,1,0,13,362.6
18,75,361.59999999999997,1,0,11,369.23
18,76,368.97999999999996,1,3,49,376.91
18,77,369.35999999999996,1,1,17,376.55
18,78,371.58,1,0,0,377.15
18,79,372.2,1,1,27,383.18
18,80,382.14,1,2,30,388.91
18,81,387.02,1,2,39,396.15
18,82,389.03,1,3,50,395.58
18,83,389.35999999999996,1,1,26,397.49
18,84,391.21999999999997,1,4,66,398.37
18,85,393.19,2,2,43,409.41
18,86,399.72999999999996,1,1,29,408.26
18,87,404.79999999999995,1,1,15,412.93
18,88,415.71,1,2,44,424.84
18,89,418.90999999999997,3,0,10,439.7
19,0,0.0,1,1,15,6.17
19,1,15.049999999999999,1,2,41,23.78
19,2,21.63,1,0,13,29.16
19,3,26.2,1,4,66,33.35
19,4,27.04,1,2,33,35.5
19,5,27.889999999999997,1,4,63,39.71
19,6,28.189999999999998,1,4,67,45.4
19,7,38.25,1,0,6,44.8
19,8,42.839999999999996,1,5,89,51.97
19,9,49.0,1,3,50,55.55
19,10,49.1,1,0,8,56.36
19,11,66.62,1,4,64,75.15
19,12,75.55000000000001,1,3,59,83.48
19,13,76.75,1,3,51,89.13
19,14,77.75,1,1,24,86.28
19,15,78.76,1,4,68,86.62
19,16,80.58000000000001,1,4,72,93.25
19,17,84.30000000000001,1,5,75,91.07
19,18,87.12,1,3,58,95.76
19,19,88.84,1,2,39,97.97
19,20,93.58000000000001,1,4,61,100.11
19,21,94.33000000000001,1,3,56,102.39
19,22,96.06,1,2,32,103.85
19,23,98.34,1,2,31,108.88
19,24,101.38000000000001,1,3,49,109.42
19,25,109.07000000000001,1,0,1,115.0
19,26,110.18,1,5,83,118.64
19,27,113.79,1,1,23,121.65
19,28,118.28,1,0,3,125.54
19,29,118.52000000000001,2,3,52,130.8
19,30,123.2,1,4,71,131.33
19,31,124.13000000000001,2,5,76,136.29
19,32,124.47,2,5,85,149.55
19,33,139.34,1,2,38,147.8
19,34,156.19,1,5,86,164.92
19,35,164.45000000000002,1,4,69,172.98
19,36,166.27,1,5,84,175.4
19,37,166.78,1,5,88,182.03
19,38,172.55,1,1,22,179.74
19,39,175.45000000000002,1,4,65,182.6
19,40,176.1,1,1,19,186.77
19,41,179.51000000000002,1,4,62,188.29
19,42,179.69,1,3,57,187.22
19,43,191.69,1,1,17,198.88
19,44,193.19,1,0,0,198.76
19,45,198.62,1,1,25,206.75
19,46,200.49,1,1,21,212.4
19,47,204.16,2,5,78,218.98
19,48,208.11,1,0,5,214.66
19,49,209.14000000000001,1,3,55,216.67
19,50,226.6,1,0,7,233.19
19,51,234.06,1,2,35,241.81
19,52,248.09,1,5,82,255.88
19,53,259.34999999999997,1,0,4,267.28
19,54,263.9,1,2,44,273.03
19,55,276.65,1,1,29,285.18
19,56,277.10999999999996,1,3,53,284.37
19,57,278.2,1,1,28,291.81
19,58,278.44,1,5,81,286.19
19,59,280.4,1,4,60,286.57
19,60,282.85999999999996,1,2,30,289.63
19,61,284.45,1,4,74,293.6
19,62,293.27,1,4,70,301.4
19,63,295.47999999999996,1,2,37,303.27
19,64,297.12,1,2,42,309.9
19,65,301.03999999999996,1,1,16,307.57
19,66,301.79999999999995,1,3,45,307.37
19,67,309.9,1,0,2,316.49
19,68,310.28999999999996,1,1,26,318.42
19,69,331.96,1,5,87,340.69
19,70,339.34999999999997,1,4,73,347.48
19,71,340.46,1,3,47,347.05
19,72,340.48999999999995,1,0,14,348.42
19,73,348.94,1,2,40,357.67
19,74,355.07,1,2,36,363.32
19,75,361.59999999999997,1,2,34,370.73
19,76,368.97999999999996,1,0,11,376.51
19,77,369.35999999999996,1,0,10,383.14
19,78,371.58,1,3,46,377.51
19,79,372.2,1,0,9,390.17
19,80,382.14,1,3,48,389.4
19,81,387.02,1,0,12,396.8
19,82,389.03,1,5,80,396.78
19,83,389.35999999999996,1,1,20,396.51
19,84,391.21999999999997,1,2,43,399.95
19,85,393.19,2,5,77,408.16
19,86,399.72999999999996,1,5,79,415.19
19,87,404.79999999999995,1,3,54,412.73
19,88,415.71,1,1,18,423.57
19,89,418.90999999999997,3,1,27,443.46
20,0,0.0,1,1,16,6.53
20,1,15.049999999999999,1,3,53,22.31
20,2,21.63,1,0,6,28.18
20,3,26.2,1,4,72,34.33
20,4,27.04,1,5,82,34.83
20,5,27.889999999999997,1,2,30,34.66
20,6,28.189999999999998,1,0,12,35.72
20,7,38.25,1,2,38,46.71
20,8,42.839999999999996,1,3,50,49.39
20,9,49.0,1,5,89,58.13
20,10,49.1,1,1,29,57.63
20,11,66.62,1,4,62,73.81
20,12,75.55000000000001,1,1,25,83.68
20,13,76.75,1,4,60,82.92
20,14,77.75,1,3,45,83.32
20,15,78.76,1,4,69,89.95
20,16,80.58000000000001,1,0,8,87.84
20,17,84.30000000000001,1,4,66,95.6
20,18,87.12,1,5,86,95.85
20,19,88.84,1,2,40,97.57
20,20,93.58000000000001,1,3,51,100.13
20,21,94.33000000000001,1,5,84,103.46
20,22,96.06,1,4,74,104.59
20,23,98.34,1,3,46,105.16
20,24,101.38000000000001,1,1,15,107.55
20,25,109.07000000000001,1,3,54,117.0
20,26,110.18,1,1,28,118.31
20,27,113.79,1,4,61,120.32
20,28,118.28,1,2,43,127.01
20,29,118.52000000000001,2,5,76,130.68
20,30,123.2,1,2,44,134.04
20,31,124.13000000000001,2,2,32,145.42
20,32,124.47,2,2,42,158.68
20,33,139.34,1,5,75,146.11
20,34,156.19,1,0,2,162.78
20,35,164.45000000000002,1,0,13,171.98
20,36,166.27,1,2,36,174.02
20,37,166.78,1,3,56,174.31
20,38,172.55,1,5,83,181.01
20,39,175.45000000000002,1,5,80,186.66
20,40,176.1,1,5,81,192.31
20,41,179.51000000000002,1,4,63,187.37
20,42,179.69,1,4,64,194.4
20,43,191.69,1,4,71,201.03
20,44,193.19,1,2,39,202.32
20,45,198.62,1,1,18,206.48
20,46,200.49,1,1,24,213.51
20,47,204.16,2,1,22,224.89
20,48,208.11,1,4,73,216.24
20,49,209.14000000000001,1,3,49,217.07
20,50,226.6,1,5,79,235.73
20,51,234.06,1,0,7,240.65
20,52,248.09,1,2,41,256.82
20,53,259.34999999999997,1,4,70,267.48
20,54,263.9,1,1,27,272.03
20,55,276.65,1,2,35,284.4
20,56,277.10999999999996,1,0,9,285.04
20,57,278.2,1,0,14,292.07
20,58,278.44,1,0,10,298.7
20,59,280.4,1,2,34,291.43
20,60,282.85999999999996,1,3,57,290.39
20,61,284.45,1,5,77,292.24
20,62,293.27,1,1,21,300.42
20,63,295.47999999999996,1,2,37,303.27
20,64,297.12,1,3,58,304.65
20,65,301.03999999999996,1,0,1,306.97
20,66,301.79999999999995,1,1,26,309.93
20,67,309.9,1,4,65,317.05
20,68,310.28999999999996,1,5,85,319.02
20,69,331.96,1,4,68,339.82
20,70,339.34999999999997,1,5,87,348.08
20,71,340.46,1,0,0,346.03
20,72,340.48999999999995,1,5,88,354.71
20,73,348.94,1,3,47,355.53
20,74,355.07,1,2,33,363.53
20,75,361.59999999999997,1,3,52,368.19
20,76,368.97999999999996,1,1,17,376.17
20,77,369.35999999999996,1,3,55,376.89
20,78,371.58,1,3,59,383.92
20,79,372.2,1,0,11,379.73
20,80,382.14,1,5,78,390.6
20,81,387.02,1,0,5,393.57
20,82,389.03,1,4,67,396.22
20,83,389.35999999999996,1,1,19,397.89
20,84,391.21999999999997,1,2,31,398.35
20,85,393.19,2,1,23,410.61
20,86,399.72999999999996,1,0,4,407.66
20,87,404.79999999999995,1,1,20,416.26
20,88,415.71,1,3,48,422.97
20,89,418.90999999999997,3,0,3,438.89
21,0,0.0,1,4,71,8.13
21,1,15.049999999999999,1,3,51,21.6
21,2,21.63,1,5,81,29.38
21,3,26.2,1,2,42,34.93
21,4,27.04,1,3,52,33.63
21,5,27.889999999999997,1,2,38,41.29
21,6,28.189999999999998,1,1,25,36.32
21,7,38.25,1,1,15,44.42
21,8,42.839999999999996,1,4,63,50.7
21,9,49.0,1,1,22,56.19
21,10,49.1,1,2,34,58.23
21,11,66.62,1,3,59,74.55
21,12,75.55000000000001,1,2,41,84.28
21,13,76.75,1,0,1,82.68
21,14,77.75,1,5,84,86.88
21,15,78.76,1,5,80,92.53
21,16,80.58000000000001,1,0,3,89.04
21,17,84.30000000000001,1,3,50,90.85
21,18,87.12,1,4,67,94.31
21,19,88.84,1,4,68,100.67
21,20,93.58000000000001,1,5,86,102.31
21,21,94.33000000000001,1,2,40,103.06
21,22,96.06,1,4,66,106.32
21,23,98.34,1,0,0,103.91
21,24,101.38000000000001,1,3,48,108.64
21,25,109.07000000000001,1,0,8,116.33
21,26,110.18,1,2,31,117.31
21,27,113.79,1,5,89,122.92
21,28,118.28,1,0,6,124.83
21,29,118.52000000000001,2,0,12,138.09
21,30,123.2,1,5,79,132.33
21,31,124.13000000000001,2,2,37,137.61
21,32,124.47,2,0,7,149.47
21,33,139.34,1,1,29,147.87
21,34,156.19,1,0,14,164.12
21,35,164.45000000000002,1,0,2,171.04
21,36,166.27,1,5,78,174.73
21,37,166.78,1,3,47,173.37
21,38,172.55,1,0,5,179.1
21,39,175.45000000000002,1,4,73,183.58
21,40,176.1,1,5,87,184.83
21,41,179.51000000000002,1,1,26,187.64
21,42,179.69,1,2,30,186.46
21,43,191.69,1,3,53,198.95
21,44,193.19,1,4,61,199.72
21,45,198.62,1,4,69,207.15
21,46,200.49,1,1,27,208.62
21,47,204.16,2,2,39,220.32
21,48,208.11,1,3,56,215.64
21,49,209.14000000000001,1,4,70,217.27
21,50,226.6,1,0,13,234.13
21,51,234.06,1,5,85,242.79
21,52,248.09,1,5,75,254.86
21,53,259.34999999999997,1,3,55,266.88
21,54,263.9,1,2,44,273.03
21,55,276.65,1,1,23,284.51
21,56,277.10999999999996,1,1,17,290.2
21,57,278.2,1,3,45,283.77
21,58,278.44,1,1,20,295.85
21,59,280.4,1,1,18,302.21
21,60,282.85999999999996,1,3,54,290.8
21,61,284.45,1,2,33,292.91
21,62,293.27,1,1,19,309.24
21,63,295.47999999999996,1,0,11,303.01
21,64,297.12,1,0,9,310.04
21,65,301.03999999999996,1,2,35,308.79
21,66,301.79999999999995,1,2,32,314.48
21,67,309.9,1,5,82,317.69
21,68,310.28999999999996,1,2,43,321.11
21,69,331.96,1,4,65,339.11
21,70,339.34999999999997,1,5,83,347.81
21,71,340.46,1,4,74,348.99
21,72,340.48999999999995,1,5,77,353.5
21,73,348.94,1,3,49,356.87
21,74,355.07,1,3,46,361.9
21,75,361.59999999999997,1,4,72,369.73
21,76,368.97999999999996,1,5,76,376.11
21,77,369.35999999999996,1,3,58,376.89
21,78,371.58,1,1,21,378.73
21,79,372.2,1,4,64,380.73
21,80,382.14,1,4,62,389.33
21,81,387.02,1,4,60,394.0
21,82,389.03,1,5,88,397.76
21,83,389.35999999999996,1,1,24,397.89
21,84,391.21999999999997,1,2,36,398.97
21,85,393.19,2,1,16,407.95
21,86,399.72999999999996,1,0,4,407.66
21,87,404.79999999999995,1,1,28,414.58
21,88,415.71,1,3,57,423.24
21,89,418.90999999999997,3,0,10,439.7
22,0,0.0,1,5,81,7.75
22,1,15.049999999999999,1,1,28,23.18
22,2,21.63,1,4,60,27.8
22,3,26.2,1,1,17,33.39
22,4,27.04,1,3,53,34.3
22,5,27.889999999999997,1,0,6,34.44
22,6,28.189999999999998,1,3,51,39.95
22,7,38.25,1,3,57,46.58
22,8,42.839999999999996,1,0,4,50.77
22,9,49.0,1,0,14,57.8
22,10,49.1,1,2,37,56.89
22,11,66.62,1,1,20,73.77
22,12,75.55000000000001,1,5,88,84.28
22,13,76.75,1,5,85,90.91
22,14,77.75,1,0,11,85.28
22,15,78.76,1,4,71,86.89
22,16,80.58000000000001,1,4,68,93.25
22,17,84.30000000000001,1,0,7,90.97
22,18,87.12,1,3,59,95.05
22,19,88.84,1,0,8,97.33
22,20,93.58000000000001,1,3,47,100.74
22,21,94.33000000000001,1,4,74,102.86
22,22,96.06,1,5,83,104.52
22,23,98.34,1,1,16,104.87
22,24,101.38000000000001,1,3,58,108.91
22,25,109.07000000000001,1,4,67,116.26
22,26,110.18,1,4,73,122.89
22,27,113.79,1,5,82,121.58
22,28,118.28,1,5,75,126.25
22,29,118.52000000000001,2,5,84,140.31
22,30,123.2,1,1,24,131.73
22,31,124.13000000000001,2,1,18,144.45
22,32,124.47,2,1,15,153.79
22,33,139.34,1,2,39,148.47
22,34,156.19,1,3,52,162.78
22,35,164.45000000000002,1,2,33,172.91
22,36,166.27,1,4,70,174.4
22,37,166.78,1,4,63,180.76
22,38,172.55,1,3,54,180.48
22,39,175.45000000000002,1,2,30,182.22
22,40,176.1,1,2,32,187.91
22,41,179.51000000000002,1,2,40,194.54
22,42,179.69,1,1,21,186.84
22,43,191.69,1,0,1,197.62
22,44,193.19,1,3,55,200.72
22,45,198.62,1,0,9,206.55
22,46,200.49,1,5,87,209.22
22,47,204.16,2,2,35,217.56
22,48,208.11,1,3,45,213.68
22,49,209.14000000000001,1,1,27,217.27
22,50,226.6,1,5,76,233.73
22,51,234.06,1,3,46,239.99
22,52,248.09,1,4,69,256.62
22,53,259.34999999999997,1,2,42,268.08
22,54,263.9,1,4,65,271.05
22,55,276.65,1,4,61,283.18
22,56,277.10999999999996,1,2,36,284.86
22,57,278.2,1,3,49,286.13
22,58,278.44,1,5,86,287.17
22,59,280.4,1,2,41,291.49
22,60,282.85999999999996,1,5,77,292.86
22,61,284.45,1,0,10,291.98
22,62,293.27,1,2,43,302.0
22,63,295.47999999999996,1,0,2,302.07
22,64,297.12,1,4,64,305.65
22,65,301.03999999999996,1,3,56,308.57
22,66,301.79999999999995,1,2,31,308.93
22,67,309.9,1,1,22,317.09
22,68,310.28999999999996,1,3,50,316.84
22,69,331.96,1,5,80,339.71
22,70,339.34999999999997,1,1,26,347.48
22,71,340.46,1,0,12,347.99
22,72,340.48999999999995,1,4,62,347.68
22,73,348.94,1,1,19,357.47
22,74,355.07,1,0,3,362.33
22,75,361.59999999999997,1,0,5,368.15
22,76,368.97999999999996,1,3,48,376.24
22,77,369.35999999999996,1,4,72,377.49
22,78,371.58,1,2,38,380.04
22,79,372.2,1,0,13,379.73
22,80,382.14,1,5,78,390.6
22,81,387.02,1,4,66,394.17
22,82,389.03,1,1,25,397.16
22,83,389.35999999999996,1,2,34,398.49
22,84,391.21999999999997,1,2,44,405.52
22,85,393.19,2,1,29,411.22
22,86,399.72999999999996,1,5,79,408.86
22,87,404.79999999999995,1,0,0,410.37
22,88,415.71,1,5,89,424.84
22,89,418.90999999999997,3,1,23,439.49
23,0,0.0,1,2,36,7.75
23,1,15.049999999999999,1,4,63,22.91
23,2,21.63,1,4,66,28.78
23,3,26.2,1,3,48,33.46
23,4,27.04,1,5,87,35.77
23,5,27.889999999999997,1,5,81,41.42
23,6,28.189999999999998,1,3,45,38.13
23,7,38.25,1,2,31,45.38
23,8,42.839999999999996,1,2,42,52.01
23,9,49.0,1,0,0,54.57
23,10,49.1,1,0,14,61.6
23,11,66.62,1,5,78,75.08
23,12,75.55000000000001,1,0,5,82.1
23,13,76.75,1,1,16,83.28
23,14,77.75,1,0,11,88.73
23,15,78.76,1,1,26,89.91
23,16,80.58000000000001,1,2,30,87.35
23,17,84.30000000000001,1,1,27,96.54
23,18,87.12,1,3,54,95.05
23,19,88.84,1,5,89,97.97
23,20,93.58000000000001,1,3,56,101.68
23,21,94.33000000000001,1,4,69,102.86
23,22,96.06,1,1,15,102.23
23,23,98.34,1,5,79,107.47
23,24,101.38000000000001,1,1,19,109.91
23,25,109.07000000000001,1,3,59,117.0
23,26,110.18,1,4,73,118.31
23,27,113.79,1,5,80,121.54
23,28,118.28,1,2,32,126.07
23,29,118.52000000000001,2,4,70,133.28
23,30,123.2,1,3,46,129.13
23,31,124.13000000000001,2,2,37,137.61
23,32,124.47,2,2,39,151.67
23,33,139.34,1,1,20,146.49
23,34,156.19,1,1,24,164.72
23,35,164.45000000000002,1,4,68,172.31
23,36,166.27,1,4,67,178.0
23,37,166.78,1,0,13,174.31
23,38,172.55,1,3,57,180.08
23,39,175.45000000000002,1,0,10,182.98
23,40,176.1,1,3,55,186.71
23,41,179.51000000000002,1,0,6,188.63
23,42,179.69,1,5,77,187.48
23,43,191.69,1,0,4,199.62
23,44,193.19,1,0,1,204.65
23,45,198.62,1,0,8,211.01
23,46,200.49,1,4,61,207.02
23,47,204.16,2,2,44,220.32
23,48,208.11,1,3,47,214.7
23,49,209.14000000000001,1,2,40,226.95
23,50,226.6,1,2,34,235.73
23,51,234.06,1,3,53,241.32
23,52,248.09,1,5,83,256.55
23,53,259.34999999999997,1,2,35,267.1
23,54,263.9,1,5,76,271.03
23,55,276.65,1,3,51,283.2
23,56,277.10999999999996,1,5,88,285.84
23,57,278.2,1,5,86,292.47
23,58,278.44,1,0,3,285.7
23,59,280.4,1,2,38,288.86
23,60,282.85999999999996,1,4,62,290.05
23,61,284.45,1,1,29,292.98
23,62,293.27,1,1,17,300.46
23,63,295.47999999999996,1,2,33,303.94
23,64,297.12,1,3,58,304.65
23,65,301.03999999999996,1,4,71,309.17
23,66,301.79999999999995,1,1,25,309.93
23,67,309.9,1,4,64,318.43
23,68,310.28999999999996,1,3,52,316.88
23,69,331.96,1,5,84,341.09
23,70,339.34999999999997,1,5,75,346.12
23,71,340.46,1,0,7,347.05
23,72,340.48999999999995,1,0,2,352.74
23,73,348.94,1,4,60,355.11
23,74,355.07,1,0,12,362.6
23,75,361.59999999999997,1,3,50,368.15
23,76,368.97999999999996,1,1,21,376.13
23,77,369.35999999999996,1,3,49,377.29
23,78,371.58,1,4,74,380.11
23,79,372.2,1,1,23,382.49
23,80,382.14,1,2,41,390.87
23,81,387.02,1,1,22,394.21
23,82,389.03,1,4,65,396.18
23,83,389.35999999999996,1,5,85,398.09
23,84,391.21999999999997,1,2,43,399.95
23,85,393.19,2,5,82,409.47
23,86,399.72999999999996,1,0,9,407.66
23,87,404.79999999999995,1,1,28,412.93
23,88,415.71,1,4,72,423.84
23,89,418.90999999999997,3,1,18,439.49
24,0,0.0,1,4,66,7.15
24,1,15.049999999999999,1,2,32,22.84
24,2,21.63,1,0,13,29.16
24,3,26.2,1,4,74,34.73
24,4,27.04,1,3,52,33.63
24,5,27.889999999999997,1,4,73,41.36
24,6,28.189999999999998,1,3,55,40.26
24,7,38.25,1,5,76,45.38
24,8,42.839999999999996,1,0,1,48.77
24,9,49.0,1,1,15,55.17
24,10,49.1,1,5,83,57.56
24,11,66.62,1,2,44,75.75
24,12,75.55000000000001,1,4,69,84.08
24,13,76.75,1,4,67,89.77
24,14,77.75,1,5,85,86.48
24,15,78.76,1,1,22,85.95
24,16,80.58000000000001,1,3,51,87.13
24,17,84.30000000000001,1,1,21,91.6
24,18,87.12,1,3,56,94.65
24,19,88.84,1,2,39,97.97
24,20,93.58000000000001,1,0,3,100.84
24,21,94.33000000000001,1,2,30,102.64
24,22,96.06,1,4,65,103.21
24,23,98.34,1,0,4,107.87
24,24,101.38000000000001,1,2,36,109.13
24,25,109.07000000000001,1,0,0,114.64
24,26,110.18,1,1,28,118.31
24,27,113.79,1,2,41,122.52
24,28,118.28,1,3,59,126.21
24,29,118.52000000000001,2,4,71,133.28
24,30,123.2,1,1,23,131.06
24,31,124.13000000000001,2,2,34,140.29
24,32,124.47,2,4,72,146.54
24,33,139.34,1,0,5,145.89
24,34,156.19,1,4,70,164.32
24,35,164.45000000000002,1,0,12,171.98
24,36,166.27,1,1,25,174.4
24,37,166.78,1,4,62,173.97
24,38,172.55,1,5,84,181.68
24,39,175.45000000000002,1,3,58,182.98
24,40,176.1,1,1,16,182.63
24,41,179.51000000000002,1,1,19,189.66
24,42,179.69,1,3,53,189.34
24,43,191.69,1,2,38,200.15
24,44,193.19,1,4,61,199.72
24,45,198.62,1,4,60,204.79
24,46,200.49,1,5,81,208.24
24,47,204.16,2,5,80,219.54
24,48,208.11,1,5,87,226.17
24,49,209.14000000000001,1,5,82,231.86
24,50,226.6,1,3,47,233.19
24,51,234.06,1,5,79,243.19
24,52,248.09,1,2,35,255.84
24,53,259.34999999999997,1,3,48,266.61
24,54,263.9,1,0,6,270.45
24,55,276.65,1,0,2,283.24
24,56,277.10999999999996,1,4,64,285.64
24,57,278.2,1,1,27,286.33
24,58,278.44,1,1,24,293.36
24,59,280.4,1,2,37,288.19
24,60,282.85999999999996,1,2,31,293.22
24,61,284.45,1,0,10,291.98
24,62,293.27,1,3,49,301.2
24,63,295.47999999999996,1,3,50,309.18
24,64,297.12,1,2,42,305.85
24,65,301.03999999999996,1,3,54,316.21
24,66,301.79999999999995,1,5,78,310.26
24,67,309.9,1,5,75,316.67
24,68,310.28999999999996,1,5,88,323.3
24,69,331.96,1,4,63,339.82
24,70,339.34999999999997,1,3,57,346.88
24,71,340.46,1,0,8,347.72
24,72,340.48999999999995,1,1,26,348.62
24,73,348.94,1,3,45,354.51
24,74,355.07,1,0,7,361.66
24,75,361.59999999999997,1,1,17,368.79
24,76,368.97999999999996,1,5,77,376.77
24,77,369.35999999999996,1,2,43,378.09
24,78,371.58,1,1,20,378.73
24,79,372.2,1,0,14,380.13
24,80,382.14,1,5,86,390.87
24,81,387.02,1,0,11,394.55
24,82,389.03,1,5,89,398.16
24,83,389.35999999999996,1,2,40,398.09
24,84,391.21999999999997,1,0,9,401.58
24,85,393.19,2,3,46,404.15
24,86,399.72999999999996,1,4,68,407.59
24,87,404.79999999999995,1,2,33,413.26
24,88,415.71,1,1,18,423.57
24,89,418.90999999999997,3,1,29,444.66
25,0,0.0,1,5,75,6.77
25,1,15.049999999999999,1,2,42,23.78
25,2,21.63,1,1,27,29.76
25,3,26.2,1,3,48,33.46
25,4,27.04,1,2,34,36.17
25,5,27.889999999999997,1,3,45,38.13
25,6,28.189999999999998,1,3,52,43.82
25,7,38.25,1,5,84,47.38
25,8,42.839999999999996,1,5,76,52.41
25,9,49.0,1,5,79,59.44
25,10,49.1,1,3,47,55.69
25,11,66.62,1,2,44,75.75
25,12,75.55000000000001,1,5,86,84.28
25,13,76.75,1,0,9,84.68
25,14,77.75,1,5,89,91.31
25,15,78.76,1,2,31,85.89
25,16,80.58000000000001,1,2,32,91.58
25,17,84.30000000000001,1,0,8,91.56
25,18,87.12,1,4,62,94.31
25,19,88.84,1,3,55,96.37
25,20,93.58000000000001,1,3,46,101.4
25,21,94.33000000000001,1,0,5,100.88
25,22,96.06,1,2,35,103.81
25,23,98.34,1,4,67,105.53
25,24,101.38000000000001,1,5,80,109.13
25,25,109.07000000000001,1,4,70,117.2
25,26,110.18,1,5,83,118.64
25,27,113.79,1,1,16,120.32
25,28,118.28,1,1,15,125.54
25,29,118.52000000000001,2,1,20,136.84
25,30,123.2,1,3,58,130.73
25,31,124.13000000000001,2,2,30,135.9
25,32,124.47,2,3,49,144.79
25,33,139.34,1,3,59,151.82
25,34,156.19,1,4,71,164.32
25,35,164.45000000000002,1,2,39,173.58
25,36,166.27,1,4,63,174.13
25,37,166.78,1,5,78,175.24
25,38,172.55,1,0,4,180.48
25,39,175.45000000000002,1,2,38,183.91
25,40,176.1,1,1,26,184.23
25,41,179.51000000000002,1,3,57,187.04
25,42,179.69,1,1,24,191.26
25,43,191.69,1,5,77,199.48
25,44,193.19,1,4,73,201.32
25,45,198.62,1,1,28,206.75
25,46,200.49,1,3,56,208.02
25,47,204.16,2,4,61,215.72
25,48,208.11,1,3,53,215.37
25,49,209.14000000000001,1,5,82,216.93
25,50,226.6,1,3,54,234.53
25,51,234.06,1,1,23,241.92
25,52,248.09,1,4,66,255.24
25,53,259.34999999999997,1,0,13,266.88
25,54,263.9,1,4,60,270.07
25,55,276.65,1,3,50,283.2
25,56,277.10999999999996,1,1,17,284.3
25,57,278.2,1,0,7,284.79
25,58,278.44,1,0,12,291.42
25,59,280.4,1,0,0,296.09
25,60,282.85999999999996,1,5,85,291.59
25,61,284.45,1,1,19,292.98
25,62,293.27,1,1,22,300.46
25,63,295.47999999999996,1,4,68,303.34
25,64,297.12,1,1,29,307.49
25,65,301.03999999999996,1,0,1,306.97
25,66,301.79999999999995,1,2,40,310.53
25,67,309.9,1,4,65,317.05
25,68,310.28999999999996,1,5,88,319.02
25,69,331.96,1,2,36,339.71
25,70,339.34999999999997,1,4,64,347.88
25,71,340.46,1,4,69,354.91
25,72,340.48999999999995,1,3,51,347.04
25,73,348.94,1,0,3,356.2
25,74,355.07,1,2,43,363.8
25,75,361.59999999999997,1,1,21,368.75
25,76,368.97999999999996,1,1,18,376.84
25,77,369.35999999999996,1,0,6,375.91
25,78,371.58,1,2,33,380.04
25,79,372.2,1,2,41,386.67
25,80,382.14,1,4,74,390.67
25,81,387.02,1,0,2,393.61
25,82,389.03,1,5,87,397.76
25,83,389.35999999999996,1,0,14,400.64
25,84,391.21999999999997,1,0,11,407.27
25,85,393.19,2,2,37,406.67
25,86,399.72999999999996,1,4,72,407.86
25,87,404.79999999999995,1,5,81,412.55
25,88,415.71,1,0,10,423.24
25,89,418.90999999999997,3,1,25,440.3
26,0,0.0,1,1,26,8.13
26,1,15.049999999999999,1,3,55,22.58
26,2,21.63,1,4,69,30.16
26,3,26.2,1,3,58,33.73
26,4,27.04,1,2,43,35.77
26,5,27.889999999999997,1,0,11,35.42
26,6,28.189999999999998,1,0,14,42.45
26,7,38.25,1,1,22,45.44
26,8,42.839999999999996,1,4,70,50.97
26,9,49.0,1,5,88,57.73
26,10,49.1,1,1,19,57.63
26,11,66.62,1,5,79,75.75
26,12,75.55000000000001,1,2,42,84.28
26,13,76.75,1,1,15,82.92
26,14,77.75,1,5,86,86.48
26,15,78.76,1,4,67,85.95
26,16,80.58000000000001,1,0,4,88.51
26,17,84.30000000000001,1,2,41,93.03
26,18,87.12,1,3,59,95.05
26,19,88.84,1,2,44,100.06
26,20,93.58000000000001,1,3,56,101.68
26,21,94.33000000000001,1,3,49,108.71
26,22,96.06,1,3,51,114.36
26,23,98.34,1,4,68,106.2
26,24,101.38000000000001,1,4,61,111.23
26,25,109.07000000000001,1,0,5,115.62
26,26,110.18,1,3,45,119.03
26,27,113.79,1,0,1,120.65
26,28,118.28,1,2,31,125.41
26,29,118.52000000000001,2,2,36,136.71
26,30,123.2,1,5,83,131.66
26,31,124.13000000000001,2,0,0,134.7
26,32,124.47,2,1,20,137.27
26,33,139.34,1,4,72,147.47
26,34,156.19,1,1,27,164.32
26,35,164.45000000000002,1,2,30,171.22
26,36,166.27,1,5,80,174.02
26,37,166.78,1,0,7,173.37
26,38,172.55,1,2,34,181.68
26,39,175.45000000000002,1,3,57,182.98
26,40,176.1,1,4,66,183.25
26,41,179.51000000000002,1,3,53,189.34
26,42,179.69,1,0,13,187.22
26,43,191.69,1,3,52,198.28
26,44,193.19,1,5,84,202.32
26,45,198.62,1,1,18,206.48
26,46,200.49,1,5,85,209.22
26,47,204.16,2,2,37,217.64
26,48,208.11,1,3,54,216.04
26,49,209.14000000000001,1,1,29,217.67
26,50,226.6,1,3,47,233.19
26,51,234.06,1,0,3,241.32
26,52,248.09,1,5,87,256.82
26,53,259.34999999999997,1,4,74,267.88
26,54,263.9,1,3,48,271.16
26,55,276.65,1,2,40,285.38
26,56,277.10999999999996,1,1,16,283.64
26,57,278.2,1,5,77,285.99
26,58,278.44,1,1,25,290.27
26,59,280.4,1,5,75,290.66
26,60,282.85999999999996,1,5,82,296.35
26,61,284.45,1,5,78,302.71
26,62,293.27,1,1,24,301.8
26,63,295.47999999999996,1,4,63,303.34
26,64,297.12,1,1,21,307.45
26,65,301.03999999999996,1,2,39,310.17
26,66,301.79999999999995,1,0,6,308.35
26,67,309.9,1,4,65,317.05
26,68,310.28999999999996,1,4,64,324.08
26,69,331.96,1,2,35,339.71
26,70,339.34999999999997,1,1,28,347.48
26,71,340.46,1,0,10,347.99
26,72,340.48999999999995,1,2,33,348.95
26,73,348.94,1,0,12,356.47
26,74,355.07,1,4,71,363.2
26,75,361.59999999999997,1,5,89,370.73
26,76,368.97999999999996,1,0,9,376.91
26,77,369.35999999999996,1,4,62,376.55
26,78,371.58,1,4,73,383.18
26,79,372.2,1,0,2,382.6
26,80,382.14,1,2,32,389.93
26,81,387.02,1,1,23,394.88
26,82,389.03,1,2,38,397.49
26,83,389.35999999999996,1,4,60,395.53
26,84,391.21999999999997,1,0,8,398.48
26,85,393.19,2,5,76,405.35
26,86,399.72999999999996,1,3,46,405.66
26,87,404.79999999999995,1,5,81,412.55
26,88,415.71,1,1,17,422.9
26,89,418.90999999999997,3,3,50,436.76
27,0,0.0,1,5,85,8.73
27,1,15.049999999999999,1,2,42,23.78
27,2,21.63,1,4,65,28.78
27,3,26.2,1,3,51,32.75
27,4,27.04,1,4,68,35.14
27,5,27.889999999999997,1,5,83,36.35
27,6,28.189999999999998,1,0,2,34.78
27,7,38.25,1,1,28,46.38
27,8,42.839999999999996,1,0,8,50.1
27,9,49.0,1,3,49,56.93
27,10,49.1,1,4,72,57.23
27,11,66.62,1,0,12,74.15
27,12,75.55000000000001,1,4,73,83.68
27,13,76.75,1,1,17,83.94
27,14,77.75,1,4,66,89.33
27,15,78.76,1,3,50,85.31
27,16,80.58000000000001,1,4,61,94.36
27,17,84.30000000000001,1,5,78,92.76
27,18,87.12,1,1,26,95.25
27,19,88.84,1,0,1,94.77
27,20,93.58000000000001,1,2,40,102.31
27,21,94.33000000000001,1,1,27,102.46
27,22,96.06,1,2,31,107.34
27,23,98.34,1,5,86,107.07
27,24,101.38000000000001,1,4,71,109.51
27,25,109.07000000000001,1,0,5,115.62
27,26,110.18,1,4,70,118.31
27,27,113.79,1,0,3,121.98
27,28,118.28,1,1,20,125.43
27,29,118.52000000000001,2,1,16,135.49
27,30,123.2,1,4,69,132.5
27,31,124.13000000000001,2,2,33,138.95
27,32,124.47,2,5,87,139.83
27,33,139.34,1,3,53,146.6
27,34,156.19,1,5,79,165.32
27,35,164.45000000000002,1,3,54,172.38
27,36,166.27,1,2,43,175.0
27,37,166.78,1,5,80,174.53
27,38,172.55,1,2,32,185.37
27,39,175.45000000000002,1,2,35,191.02
27,40,176.1,1,4,62,183.29
27,41,179.51000000000002,1,3,57,187.04
27,42,179.69,1,4,64,190.32
27,43,191.69,1,4,60,197.86
27,44,193.19,1,1,24,201.72
27,45,198.62,1,1,22,207.41
27,46,200.49,1,5,81,208.24
27,47,204.16,2,4,67,217.04
27,48,208.11,1,1,25,216.24
27,49,209.14000000000001,1,3,47,215.73
27,50,226.6,1,5,89,235.73
27,51,234.06,1,3,52,240.65
27,52,248.09,1,3,55,255.62
27,53,259.34999999999997,1,2,36,267.1
27,54,263.9,1,3,48,271.16
27,55,276.65,1,0,7,283.24
27,56,277.10999999999996,1,2,30,283.88
27,57,278.2,1,2,34,290.91
27,58,278.44,1,0,13,289.87
27,59,280.4,1,0,11,296.5
27,60,282.85999999999996,1,3,46,288.79
27,61,284.45,1,2,39,297.94
27,62,293.27,1,1,29,301.8
27,63,295.47999999999996,1,2,38,304.3
27,64,297.12,1,0,9,305.05
27,65,301.03999999999996,1,0,4,312.08
27,66,301.79999999999995,1,4,74,310.33
27,67,309.9,1,3,45,315.47
27,68,310.28999999999996,1,0,10,318.71
27,69,331.96,1,1,18,339.82
27,70,339.34999999999997,1,3,59,347.28
27,71,340.46,1,5,88,349.19
27,72,340.48999999999995,1,1,19,349.02
27,73,348.94,1,4,63,356.8
27,74,355.07,1,2,41,363.8
27,75,361.59999999999997,1,1,23,369.46
27,76,368.97999999999996,1,5,76,376.11
27,77,369.35999999999996,1,5,82,381.8
27,78,371.58,1,1,15,377.75
27,79,372.2,1,3,56,379.73
27,80,382.14,1,0,6,388.69
27,81,387.02,1,3,58,394.55
27,82,389.03,1,5,77,396.82
27,83,389.35999999999996,1,5,84,403.85
27,84,391.21999999999997,1,5,75,408.52
27,85,393.19,2,0,14,408.35
27,86,399.72999999999996,1,0,0,413.02
27,87,404.79999999999995,1,1,21,411.95
27,88,415.71,1,2,44,424.84
27,89,418.90999999999997,3,2,37,441.91
28,0,0.0,1,2,37,7.79
28,1,15.049999999999999,1,4,72,23.18
28,2,21.63,1,2,32,29.42
28,3,26.2,1,0,4,34.13
28,4,27.04,1,1,17,34.23
28,5,27.889999999999997,1,1,25,40.86
28,6,28.189999999999998,1,4,62,35.38
28,7,38.25,1,4,68,46.11
28,8,42.839999999999996,1,0,14,50.77
28,9,49.0,1,5,87,57.73
28,10,49.1,1,4,60,55.27
28,11,66.62,1,4,69,75.15
28,12,75.55000000000001,1,0,1,81.48
28,13,76.75,1,0,10,88.11
28,14,77.75,1,2,33,86.21
28,15,78.76,1,1,24,87.29
28,16,80.58000000000001,1,1,28,93.92
28,17,84.30000000000001,1,4,65,91.45
28,18,87.12,1,1,18,100.28
28,19,88.84,1,2,34,97.97
28,20,93.58000000000001,1,5,89,102.71
28,21,94.33000000000001,1,2,36,103.62
28,22,96.06,1,1,19,107.31
28,23,98.34,1,0,9,106.27
28,24,101.38000000000001,1,1,16,112.34
28,25,109.07000000000001,1,0,13,116.6
28,26,110.18,1,5,77,117.97
28,27,113.79,1,4,67,120.98
28,28,118.28,1,5,79,127.41
28,29,118.52000000000001,2,3,47,130.8
28,30,123.2,1,2,43,131.93
28,31,124.13000000000001,2,0,0,134.7
28,32,124.47,2,2,39,145.99
28,33,139.34,1,2,31,151.02
28,34,156.19,1,5,78,164.65
28,35,164.45000000000002,1,3,49,172.38
28,36,166.27,1,3,50,178.03
28,37,166.78,1,2,40,175.51
28,38,172.55,1,0,12,180.08
28,39,175.45000000000002,1,1,29,183.98
28,40,176.1,1,5,86,184.83
28,41,179.51000000000002,1,4,70,187.64
28,42,179.69,1,2,30,186.46
28,43,191.69,1,0,3,198.95
28,44,193.19,1,5,80,200.94
28,45,198.62,1,5,83,207.3
28,46,200.49,1,1,26,208.62
28,47,204.16,2,3,51,216.36
28,48,208.11,1,0,5,214.66
28,49,209.14000000000001,1,1,23,217.0
28,50,226.6,1,3,45,232.17
28,51,234.06,1,0,7,240.65
28,52,248.09,1,5,82,255.88
28,53,259.34999999999997,1,0,6,265.9
28,54,263.9,1,5,75,270.67
28,55,276.65,1,3,54,284.58
28,56,277.10999999999996,1,4,64,285.64
28,57,278.2,1,1,22,285.39
28,58,278.44,1,2,44,287.57
28,59,280.4,1,3,46,289.61
28,60,282.85999999999996,1,2,35,293.22
28,61,284.45,1,3,56,296.24
28,62,293.27,1,5,85,302.0
28,63,295.47999999999996,1,3,52,302.07
28,64,297.12,1,4,61,303.65
28,65,301.03999999999996,1,5,88,309.77
28,66,301.79999999999995,1,4,71,310.28
28,67,309.9,1,4,66,317.05
28,68,310.28999999999996,1,4,73,323.68
28,69,331.96,1,2,41,340.69
28,70,339.34999999999997,1,1,20,346.5
28,71,340.46,1,2,38,348.92
28,72,340.48999999999995,1,4,74,349.02
28,73,348.94,1,0,2,355.53
28,74,355.07,1,4,63,362.93
28,75,361.59999999999997,1,3,57,369.13
28,76,368.97999999999996,1,0,11,376.51
28,77,369.35999999999996,1,5,81,377.11
28,78,371.58,1,2,42,380.31
28,79,372.2,1,1,15,378.37
28,80,382.14,1,3,59,390.07
28,81,387.02,1,3,53,396.43
28,82,389.03,1,3,48,402.79
28,83,389.35999999999996,1,5,76,396.49
28,84,391.21999999999997,1,5,84,403.52
28,85,393.19,2,3,58,416.05
28,86,399.72999999999996,1,3,55,422.68
28,87,404.79999999999995,1,1,21,411.95
28,88,415.71,1,0,8,422.97
28,89,418.90999999999997,3,1,27,440.3
29,0,0.0,1,1,27,8.13
29,1,15.049999999999999,1,4,69,23.58
29,2,21.63,1,0,14,29.56
29,3,26.2,1,2,44,35.33
29,4,27.04,1,2,38,41.69
29,5,27.889999999999997,1,4,71,36.02
29,6,28.189999999999998,1,1,29,36.72
29,7,38.25,1,5,89,47.38
29,8,42.839999999999996,1,3,47,49.43
29,9,49.0,1,1,20,56.15
29,10,49.1,1,4,67,56.29
29,11,66.62,1,2,30,73.39
29,12,75.55000000000001,1,3,45,81.12
29,13,76.75,1,0,2,83.34
29,14,77.75,1,4,66,84.9
29,15,78.76,1,5,80,86.51
29,16,80.58000000000001,1,0,0,88.01
29,17,84.30000000000001,1,3,52,90.89
29,18,87.12,1,2,39,96.25
29,19,88.84,1,5,79,97.97
29,20,93.58000000000001,1,1,22,100.77
29,21,94.33000000000001,1,1,17,106.46
29,22,96.06,1,3,57,103.59
29,23,98.34,1,0,6,104.89
29,24,101.38000000000001,1,3,55,110.22
29,25,109.07000000000001,1,0,5,115.62
29,26,110.18,1,4,68,118.04
29,27,113.79,1,5,78,122.25
29,28,118.28,1,0,9,126.21
29,29,118.52000000000001,2,0,3,138.93
29,30,123.2,1,3,48,130.46
29,31,124.13000000000001,2,0,8,151.65
29,32,124.47,2,2,35,137.87
29,33,139.34,1,0,7,157.34
29,34,156.19,1,1,25,164.32
29,35,164.45000000000002,1,4,64,172.98
29,36,166.27,1,5,81,174.02
29,37,166.78,1,1,26,174.91
29,38,172.55,1,3,49,180.48
29,39,175.45000000000002,1,1,18,183.31
29,40,176.1,1,2,36,183.85
29,41,179.51000000000002,1,4,63,187.37
29,42,179.69,1,3,50,186.24
29,43,191.69,1,1,19,200.22
29,44,193.19,1,0,11,200.72
29,45,198.62,1,4,62,205.81
29,46,200.49,1,1,21,207.64
29,47,204.16,2,5,75,215.93
29,48,208.11,1,5,85,222.56
29,49,209.14000000000001,1,5,77,228.25
29,50,226.6,1,3,53,233.86
29,51,234.06,1,2,34,243.19
29,52,248.09,1,4,60,254.26
29,53,259.34999999999997,1,4,72,267.48
29,54,263.9,1,2,33,272.36
29,55,276.65,1,3,56,284.18
29,56,277.10999999999996,1,2,37,284.9
29,57,278.2,1,0,10,285.73
29,58,278.44,1,1,28,286.57
29,59,280.4,1,5,88,289.13
29,60,282.85999999999996,1,1,23,292.93
29,61,284.45,1,1,15,297.6
29,62,293.27,1,5,76,300.4
29,63,295.47999999999996,1,2,41,304.21
29,64,297.12,1,2,31,309.24
29,65,301.03999999999996,1,4,70,309.17
29,66,301.79999999999995,1,0,1,307.73
29,67,309.9,1,2,40,318.63
29,68,310.28999999999996,1,4,65,317.44
29,69,331.96,1,5,87,340.69
29,70,339.34999999999997,1,0,13,346.88
29,71,340.46,1,3,51,347.01
29,72,340.48999999999995,1,5,84,349.62
29,73,348.94,1,5,82,356.73
29,74,355.07,1,3,46,361.0
29,75,361.59999999999997,1,5,86,370.33
29,76,368.97999999999996,1,4,73,377.11
29,77,369.35999999999996,1,5,83,377.82
29,78,371.58,1,1,24,380.11
29,79,372.2,1,3,58,379.73
29,80,382.14,1,3,54,390.07
29,81,387.02,1,2,32,394.81
29,82,389.03,1,0,12,396.56
29,83,389.35999999999996,1,2,43,401.44
29,84,391.21999999999997,1,1,16,397.75
29,85,393.19,2,2,42,414.7
29,86,399.72999999999996,1,0,4,407.66
29,87,404.79999999999995,1,4,61,411.33
29,88,415.71,1,3,59,423.64
29,89,418.90999999999997,3,4,74,441.5
30,0,0.0,1,1,21,7.15
30,1,15.049999999999999,1,2,35,22.8
30,2,21.63,1,1,23,29.49
30,3,26.2,1,3,56,33.73
30,4,27.04,1,0,13,34.57
30,5,27.889999999999997,1,0,8,40.93
30,6,28.189999999999998,1,4,74,36.72
30,7,38.25,1,5,89,47.38
30,8,42.839999999999996,1,1,16,49.37
30,9,49.0,1,2,42,57.73
30,10,49.1,1,4,72,57.23
30,11,66.62,1,4,61,73.15
30,12,75.55000000000001,1,1,26,83.68
30,13,76.75,1,5,84,85.88
30,14,77.75,1,0,4,85.68
30,15,78.76,1,3,58,86.29
30,16,80.58000000000001,1,4,68,88.44
30,17,84.30000000000001,1,5,85,93.03
30,18,87.12,1,1,17,94.31
30,19,88.84,1,5,76,98.06
30,20,93.58000000000001,1,4,60,99.75
30,21,94.33000000000001,1,1,22,101.52
30,22,96.06,1,5,87,104.79
30,23,98.34,1,4,65,105.49
30,24,101.38000000000001,1,2,43,110.11
30,25,109.07000000000001,1,0,7,115.66
30,26,110.18,1,0,3,122.02
30,27,113.79,1,3,49,121.72
30,28,118.28,1,3,59,128.75
30,29,118.52000000000001,2,4,69,134.08
30,30,123.2,1,0,10,130.73
30,31,124.13000000000001,2,1,19,139.69
30,32,124.47,2,2,37,137.95
30,33,139.34,1,4,62,146.53
30,34,156.19,1,3,47,162.78
30,35,164.45000000000002,1,1,25,172.58
30,36,166.27,1,2,30,173.04
30,37,166.78,1,2,34,180.07
30,38,172.55,1,1,20,179.7
30,39,175.45000000000002,1,4,70,183.58
30,40,176.1,1,3,55,183.63
30,41,179.51000000000002,1,0,14,187.44
30,42,179.69,1,0,12,194.07
30,43,191.69,1,5,82,199.48
30,44,193.19,1,5,75,204.15
30,45,198.62,1,1,29,207.15
30,46,200.49,1,5,88,210.78
30,47,204.16,2,3,46,215.12
30,48,208.11,1,3,50,220.77
30,49,209.14000000000001,1,1,15,215.31
30,50,226.6,1,5,86,235.33
30,51,234.06,1,2,39,243.19
30,52,248.09,1,5,77,255.88
30,53,259.34999999999997,1,3,52,265.94
30,54,263.9,1,2,38,272.36
30,55,276.65,1,2,31,283.78
30,56,277.10999999999996,1,2,32,289.47
30,57,278.2,1,2,33,295.83
30,58,278.44,1,1,18,286.3
30,59,280.4,1,2,40,302.46
30,60,282.85999999999996,1,4,66,290.01
30,61,284.45,1,4,67,295.7
30,62,293.27,1,0,0,298.84
30,63,295.47999999999996,1,5,83,303.94
30,64,297.12,1,5,81,309.59
30,65,301.03999999999996,1,1,24,309.57
30,66,301.79999999999995,1,3,45,307.37
30,67,309.9,1,1,27,318.03
30,68,310.28999999999996,1,5,80,318.04
30,69,331.96,1,3,51,338.51
30,70,339.34999999999997,1,1,28,347.48
30,71,340.46,1,2,36,348.21
30,72,340.48999999999995,1,3,57,348.02
30,73,348.94,1,5,78,357.4
30,74,355.07,1,0,5,361.62
30,75,361.59999999999997,1,0,6,368.15
30,76,368.97999999999996,1,0,1,374.91
30,77,369.35999999999996,1,4,73,377.49
30,78,371.58,1,3,54,379.51
30,79,372.2,1,2,44,381.33
30,80,382.14,1,0,9,390.07
30,81,387.02,1,4,71,395.15
30,82,389.03,1,2,41,397.76
30,83,389.35999999999996,1,3,53,396.62
30,84,391.21999999999997,1,4,64,402.18
30,85,393.19,2,3,48,409.34
30,86,399.72999999999996,1,0,11,407.26
30,87,404.79999999999995,1,4,63,412.66
30,88,415.71,1,5,79,424.84
30,89,418.90999999999997,3,0,2,436.88
